world_seed,color,n_rows,n_links,steps_median,steps_min,steps_max
7663,green,400,2,319.0,1,637
582,blue,400,2,249.5,1,498
11349,green,400,2,240.5,1,480
8342,green,385,2,397.0,124,589
6499,blue,377,2,189.0,1,543
194,magenta,343,2,460.0,139,631
4462,magenta,341,2,171.0,1,594
10961,blue,311,2,357.0,63,512
9894,blue,302,2,300.5,150,496
9312,blue,294,2,335.5,117,482
1455,magenta,288,2,234.5,1,378
8439,magenta,287,2,202.0,59,442
4074,green,287,2,288.0,1,431
7566,yellow,267,2,134.0,1,399
4850,green,267,2,134.0,1,413
7857,blue,264,2,132.5,1,336
1164,blue,262,2,131.5,1,408
10088,yellow,259,2,130.0,1,339
6305,blue,258,2,254.5,126,505
8536,magenta,255,2,258.0,131,438
3395,yellow,254,2,282.5,1,409
97,green,251,2,305.0,119,430
11252,yellow,251,2,494.0,1,619
8924,green,250,2,261.5,1,386
7081,magenta,248,2,272.5,1,396
6305,magenta,247,2,124.0,1,447
4753,magenta,245,2,164.0,42,411
6014,green,241,2,160.0,40,412
4365,yellow,235,2,174.0,57,427
6887,green,230,2,400.5,1,515
8051,magenta,228,2,114.5,1,628
3298,green,227,2,114.0,1,541
4559,magenta,223,2,197.0,86,367
10185,blue,223,2,112.0,1,521
3880,yellow,216,2,191.5,84,499
2231,blue,212,2,344.5,1,450
2425,blue,211,2,506.0,1,611
10767,green,207,2,183.0,80,341
291,yellow,207,2,274.0,1,377
1746,yellow,206,2,294.5,192,555
1358,blue,206,2,103.5,1,422
2619,yellow,203,2,241.0,1,342
6790,yellow,201,2,193.0,93,362
10864,green,200,1,100.5,1,200
2425,green,200,1,394.5,295,494
5820,blue,200,1,190.5,91,290
8051,green,200,1,259.5,160,359
5917,green,200,1,391.5,292,491
5626,green,200,1,269.5,170,369
2522,green,200,1,282.5,183,382
5335,yellow,200,1,154.5,55,254
5141,blue,200,1,207.5,108,307
2425,magenta,200,1,194.5,95,294
2134,blue,200,1,186.5,87,286
5044,blue,200,1,385.5,286,485
4947,yellow,200,1,163.5,64,263
10670,blue,200,1,414.5,315,514
4656,yellow,200,1,298.5,199,398
4656,magenta,200,1,498.5,399,598
679,green,200,1,379.5,280,479
3298,blue,200,1,376.5,277,476
9215,blue,200,1,414.5,315,514
1067,yellow,200,1,569.5,470,669
3686,yellow,200,1,243.5,144,343
3783,green,200,1,279.5,180,379
3977,green,200,1,283.5,184,383
2134,green,200,1,386.5,287,486
3880,blue,200,1,322.5,223,422
5917,magenta,200,1,100.5,1,200
1843,yellow,200,1,302.5,203,402
8051,yellow,200,1,459.5,360,559
11252,blue,200,1,151.5,52,251
7372,yellow,200,1,361.5,262,461
9797,green,200,1,309.5,210,409
1649,green,200,1,396.5,297,496
9215,green,200,1,158.5,59,258
6111,blue,200,1,345.5,246,445
8827,blue,199,1,295.0,196,394
873,blue,199,2,212.0,113,358
5723,green,198,1,333.5,235,432
9409,yellow,195,2,291.0,1,388
11058,green,193,1,371.0,275,467
4268,green,193,2,97.0,1,245
4365,magenta,192,2,258.5,1,354
3492,blue,192,2,198.5,1,294
11058,blue,191,2,179.0,1,274
1746,blue,191,1,96.0,1,191
5432,magenta,191,1,96.0,1,191
776,green,188,2,184.5,1,278
10379,blue,187,2,94.0,1,236
5432,green,187,1,347.0,254,440
7760,yellow,186,2,170.5,78,345
2328,blue,185,1,149.0,57,241
5723,blue,184,2,92.5,1,234
5820,yellow,184,2,373.5,1,465
8536,blue,183,2,92.0,1,380
10282,magenta,183,2,201.0,1,292
4462,blue,182,1,362.5,272,453
3783,yellow,181,2,91.0,1,461
9118,blue,180,2,173.5,84,323
6111,green,180,2,155.5,1,245
97,blue,179,2,90.0,1,299
7372,green,178,2,89.5,1,261
10476,green,178,1,253.5,165,342
2813,green,177,2,168.0,80,344
8730,yellow,177,2,89.0,1,250
1067,blue,177,1,381.0,293,469
7178,magenta,174,2,224.5,1,311
5044,yellow,174,1,198.5,112,285
3589,green,174,2,87.5,1,305
5529,green,173,2,87.0,1,278
11155,green,171,2,180.0,1,265
5529,yellow,170,1,363.5,279,448
6402,yellow,170,2,132.5,48,325
5917,yellow,170,2,285.5,201,570
10282,yellow,169,1,377.0,293,461
11252,magenta,168,1,335.5,252,419
4753,blue,166,2,283.5,1,366
10185,green,163,1,208.0,127,289
3104,magenta,162,2,81.5,1,250
10476,yellow,162,2,347.5,89,428
6790,green,161,2,81.0,1,361
6208,green,160,2,80.5,1,310
3977,magenta,160,1,463.5,384,543
2134,magenta,160,2,80.5,1,560
7760,blue,159,2,213.0,1,292
679,magenta,158,2,79.5,1,279
2716,yellow,158,1,271.5,193,350
1746,magenta,158,1,392.5,314,471
0,yellow,157,1,269.0,191,347
1067,green,155,1,78.0,1,155
9700,magenta,154,2,77.5,1,230
5432,blue,154,1,517.5,441,594
6887,magenta,153,1,168.0,92,244
8245,blue,153,1,150.0,74,226
1552,magenta,153,2,269.0,1,345
7469,yellow,152,2,295.5,1,371
194,blue,150,1,371.5,297,446
6984,magenta,150,2,283.5,1,358
9894,yellow,149,1,75.0,1,149
9797,blue,148,2,74.5,1,209
970,blue,147,2,74.0,1,214
388,yellow,147,2,149.0,1,222
5238,yellow,147,2,215.0,1,288
4850,yellow,146,1,270.5,198,343
7663,blue,146,1,364.5,292,437
9021,blue,146,1,125.5,53,198
4074,yellow,144,1,159.5,88,231
7469,magenta,143,1,209.0,138,280
6596,blue,142,2,287.5,1,358
2910,green,142,1,236.5,166,307
6693,yellow,141,2,225.0,1,295
9991,blue,141,1,317.0,247,387
1552,green,141,1,116.0,46,186
2619,blue,139,1,127.0,58,196
10961,green,139,1,243.0,174,312
194,green,138,1,69.5,1,138
5335,blue,138,1,323.5,255,392
1940,blue,138,2,179.5,111,306
4171,magenta,137,2,147.0,79,216
7857,magenta,137,1,405.0,337,473
7178,blue,137,1,132.0,64,200
1067,magenta,137,1,224.0,156,292
10670,green,137,1,246.0,178,314
11446,blue,136,1,68.5,1,136
9700,green,136,2,156.5,89,290
10185,magenta,135,1,357.0,290,424
3686,magenta,135,2,369.0,1,436
9021,yellow,135,2,281.0,1,348
4850,blue,134,1,480.5,414,547
0,green,133,1,414.0,348,480
2716,magenta,133,2,126.0,1,192
3589,yellow,132,2,239.5,174,306
5335,green,132,2,404.5,1,470
6014,blue,132,1,273.5,208,339
6887,yellow,132,1,310.5,245,376
2037,blue,132,2,188.5,60,254
7566,magenta,132,1,229.5,164,295
11155,yellow,132,1,331.5,266,397
6596,yellow,131,1,198.0,133,263
3201,green,131,1,115.0,50,180
4656,blue,130,1,65.5,1,130
3007,yellow,130,1,210.5,146,275
8148,magenta,129,1,187.0,123,251
3201,magenta,129,2,196.0,1,260
5141,magenta,127,1,441.0,378,504
1649,yellow,125,1,234.0,172,296
2231,green,125,1,119.0,57,181
4947,magenta,124,2,62.5,1,379
8342,yellow,123,1,62.0,1,123
2619,green,123,1,404.0,343,465
8148,yellow,123,2,62.0,1,334
5626,yellow,123,1,108.0,47,169
2037,yellow,122,2,123.5,1,184
679,yellow,121,1,151.0,91,211
10573,green,120,1,207.5,148,267
1649,blue,120,1,111.5,52,171
10670,magenta,119,1,60.0,1,119
4074,magenta,119,1,491.0,432,550
388,magenta,118,1,281.5,223,340
1358,magenta,116,1,205.5,148,263
0,magenta,116,1,58.5,1,116
9991,green,116,1,188.5,131,246
9312,magenta,116,1,58.5,1,116
3977,yellow,115,1,126.0,69,183
3298,yellow,114,1,219.5,163,276
2231,magenta,113,1,238.0,182,294
8730,green,113,1,307.0,251,363
10379,yellow,113,1,293.0,237,349
4268,magenta,112,1,301.5,246,357
873,green,112,1,56.5,1,112
3201,yellow,111,1,316.0,261,371
11543,magenta,111,2,56.0,1,113
1940,yellow,110,1,55.5,1,110
10088,magenta,110,1,394.5,340,449
10282,green,109,1,123.0,69,177
6402,green,108,1,193.5,140,247
6984,blue,108,1,98.5,45,152
5141,yellow,107,1,54.0,1,107
8827,yellow,107,1,54.0,1,107
9506,green,107,1,152.0,99,205
2522,magenta,105,1,53.0,1,105
5529,magenta,105,1,143.0,91,195
9409,magenta,103,1,117.0,66,168
3492,yellow,102,1,120.5,70,171
3686,blue,101,1,93.0,43,143
1358,yellow,100,1,313.5,264,363
6984,green,100,1,202.5,153,252
10864,magenta,99,1,250.0,201,299
3007,green,99,1,96.0,47,145
9506,blue,98,1,49.5,1,98
582,magenta,98,1,249.5,201,298
8439,green,97,1,307.0,259,355
11155,magenta,94,1,131.5,85,178
1261,yellow,94,1,187.5,141,234
8633,yellow,94,2,47.5,1,170
10864,blue,93,1,385.0,339,431
7663,magenta,91,1,246.0,201,291
776,magenta,90,1,113.5,69,158
1455,yellow,90,1,154.5,110,199
9409,green,90,1,213.5,169,258
485,blue,89,1,45.0,1,89
7081,green,89,1,93.0,49,137
776,yellow,88,1,322.5,279,366
291,magenta,88,1,222.5,179,266
8827,green,88,1,151.5,108,195
7275,green,88,2,44.5,1,89
10476,magenta,88,1,44.5,1,88
2813,magenta,88,1,214.5,171,258
6693,blue,88,1,172.5,129,216
3104,green,88,1,134.5,91,178
3492,magenta,87,1,338.0,295,381
10573,magenta,86,2,105.5,63,268
6208,magenta,86,1,266.5,224,309
4559,green,85,1,43.0,1,85
7954,yellow,85,1,43.0,1,85
9506,magenta,85,1,320.0,278,362
5238,green,85,1,90.0,48,132
6596,magenta,85,1,90.0,48,132
6499,yellow,84,1,314.5,273,356
7178,yellow,84,1,353.5,312,395
1261,blue,83,1,42.0,1,83
11058,magenta,83,1,86.0,45,127
3880,magenta,83,1,42.0,1,83
9991,magenta,83,1,42.0,1,83
9118,yellow,83,1,42.0,1,83
7372,blue,83,1,160.0,119,201
6499,green,82,1,231.5,191,272
291,blue,82,1,137.5,97,178
8148,green,82,1,292.5,252,333
8342,blue,81,1,349.0,309,389
5820,green,81,1,331.0,291,371
1164,magenta,81,1,306.0,266,346
3007,blue,81,1,316.0,276,356
10088,blue,80,1,193.5,154,233
11349,blue,80,1,240.5,201,280
3783,magenta,80,1,139.5,100,179
10767,yellow,79,1,40.0,1,79
2813,yellow,79,1,40.0,1,79
3395,magenta,79,1,219.0,180,258
4171,yellow,79,2,40.0,1,215
2522,yellow,77,1,144.0,106,182
582,green,77,1,537.0,499,575
8633,magenta,77,2,132.0,94,171
3395,blue,76,1,141.5,104,179
8924,magenta,76,1,144.5,107,182
9603,magenta,76,1,91.5,54,129
7566,green,76,1,437.5,400,475
7469,green,76,1,99.5,62,137
388,blue,75,1,101.0,64,138
0,blue,74,1,153.5,117,190
8245,yellow,74,2,37.5,1,227
8730,magenta,73,1,129.0,93,165
1843,green,73,1,37.0,1,73
9506,yellow,72,1,241.5,206,277
7857,yellow,72,1,223.5,188,259
9312,green,72,1,276.5,241,312
4462,green,71,1,236.0,201,271
3104,yellow,71,1,286.0,251,321
5141,green,70,1,342.5,308,377
5044,green,70,1,76.5,42,111
3977,blue,68,1,34.5,1,68
970,green,68,2,180.5,147,215
4656,green,68,1,164.5,131,198
1843,blue,67,1,169.0,136,202
9021,magenta,67,1,232.0,199,265
6693,magenta,66,1,95.5,63,128
1164,yellow,65,1,233.0,201,265
6111,magenta,65,1,105.0,73,137
2328,magenta,64,1,325.5,294,357
6208,blue,64,1,191.5,160,223
2910,yellow,63,1,32.0,1,63
10573,yellow,62,1,31.5,1,62
10961,magenta,62,1,31.5,1,62
1843,magenta,62,1,104.5,74,135
5432,yellow,62,1,222.5,192,253
9797,magenta,61,1,108.0,78,138
9118,magenta,60,1,231.5,202,261
8924,yellow,60,1,212.5,183,242
4559,yellow,59,1,235.0,206,264
2716,blue,59,1,94.0,65,123
7081,yellow,59,1,167.0,138,196
1940,green,58,1,215.5,187,244
10670,yellow,58,1,148.5,120,177
9215,yellow,58,1,29.5,1,58
1261,magenta,58,2,112.5,84,235
8439,blue,58,1,29.5,1,58
2910,magenta,57,1,137.0,109,165
9215,magenta,56,1,286.5,259,314
2328,green,56,1,28.5,1,56
5238,magenta,56,1,160.5,133,188
4947,green,55,1,291.0,264,318
10767,blue,55,1,215.0,188,242
9603,yellow,54,2,27.5,1,131
1455,blue,53,1,405.0,379,431
2328,yellow,52,1,267.5,242,293
4268,blue,52,1,134.5,109,160
1552,yellow,51,1,212.0,187,237
1649,magenta,51,1,26.0,1,51
11349,yellow,50,1,505.5,481,530
5723,magenta,50,1,132.5,108,157
2522,blue,50,1,407.5,383,432
10379,green,49,1,129.0,105,153
8827,magenta,47,1,418.0,395,441
873,yellow,47,1,247.0,224,270
9991,yellow,47,1,107.0,84,130
6402,magenta,47,1,24.0,1,47
5626,magenta,46,1,23.5,1,46
3007,magenta,46,1,23.5,1,46
9894,magenta,45,1,372.0,350,394
2910,blue,45,1,86.0,64,108
5044,magenta,41,1,21.0,1,41
6014,magenta,39,1,20.0,1,39
10864,yellow,39,1,319.0,300,338
5626,blue,28,1,383.5,370,397
485,green,1,1,92.0,92,92
11543,blue,1,1,111.0,111,111
11446,yellow,1,1,139.0,139,139
11446,magenta,1,1,138.0,138,138
11446,green,1,1,137.0,137,137
485,magenta,1,1,90.0,90,90
9603,blue,1,1,130.0,130,130
485,yellow,1,1,91.0,91,91
7275,blue,1,1,88.0,88,88
7275,yellow,1,1,90.0,90,90
7954,blue,1,1,88.0,88,88
7954,green,1,1,87.0,87,87
8245,magenta,1,1,228.0,228,228
7954,magenta,1,1,86.0,86,86
11543,yellow,1,1,112.0,112,112
