step,r2_train,r2_test,mse_train,mse_test,n_samples
"(0, 6)",0.9995273194872611,,0.0002315168214954251,0.0002315183541732095,2
"(0, 9)",0.9993775921600472,,0.00037896236218804344,0.0001058372396806525,3
"(1, 6)",0.9995273218562919,,0.0002378717206647884,0.00023787112074564895,2
"(1, 9)",0.9993815121373704,,0.000384731216461611,0.00010799875016625314,3
"(2, 6)",0.9995273218722808,,0.0002442771966044769,0.00024427892532148676,2
"(2, 9)",0.9993855499857356,,0.00039044508639002925,0.00011037379485624989,3
"(3, 6)",0.9995273195035775,,0.0002510016661619739,0.00025100331662328593,2
"(3, 9)",0.9993891028913536,,0.0003960706981735883,0.0001132351384141318,3
"(4, 6)",0.999527315676721,,0.0002580891631329536,0.0002580912011584934,2
"(4, 9)",0.9993925178092243,,0.0004018010744274204,0.00011663221191356542,3
"(5, 6)",0.9996388889486907,,0.0002026949557744167,0.00020269446416644563,2
"(5, 9)",0.9992243876599483,,0.0005159689568849894,0.00019302347220507383,3
"(6, 6)",0.9996688478420839,,0.00019113671286075782,0.00019113857893325972,2
"(6, 9)",0.9991401119998918,,0.0007250137327419578,4.663697142624444e-05,3
"(7, 6)",0.9996425879456852,,0.00021207654416024988,0.00021207533149021998,2
"(7, 9)",0.9993144141110101,,0.0005007655810305901,0.00010035798854948365,3
"(8, 6)",0.999650605654214,,0.00021317145883389255,0.0002131692960069996,2
"(8, 9)",0.9991921404354683,,0.0007512418817596442,1.9300409775351212e-05,3
"(9, 6)",0.9996724845949881,,0.00020543564979275174,0.00020543762591810575,2
"(9, 9)",0.9993105636084856,,0.0005045029198138728,0.00010031618926206592,3
"(10, 6)",0.9995222361339281,,0.0003081249865544252,0.0003081238031119647,2
"(10, 9)",0.9990708825331476,,0.0008476403121170837,4.377451246014931e-05,3
"(11, 6)",0.9996135070935421,,0.0002562851683731949,0.0002562834284722131,2
"(11, 9)",0.9992707630830073,,0.0006534388424563691,4.1067493108050586e-05,3
"(12, 6)",0.9994184893814239,,0.0003962231461067235,0.0003962239695328085,2
"(12, 9)",0.998988001064477,,0.0010311264195928304,4.544761276720683e-05,3
"(13, 6)",0.9995629861592525,,0.00030571074072760826,0.000305711157282789,2
"(13, 9)",0.9992049731594184,,0.0007997740900895204,4.0564741126213845e-05,3
"(14, 6)",0.9994099841253561,,0.0004238009790349063,0.000423804825018266,2
"(14, 9)",0.9989776444376023,,0.0010677956000994895,2.689299289807005e-05,3
"(15, 6)",0.99955935400116,,0.0003247892148554066,0.0003247898104052412,2
"(15, 9)",0.9990922342157309,,0.0010034537879337472,6.355657447686458e-05,3
"(16, 6)",0.999479034563588,,0.0003938147144075022,0.00039381309811687884,2
"(16, 9)",0.999308655342662,,0.0005765644544456392,0.00011743547782643517,3
"(17, 6)",0.999532941625543,,0.00036217328583029517,0.00036216911369968017,2
"(17, 9)",0.9989895713781023,,0.0012184022130988287,0.00012462138774822803,3
"(18, 6)",0.9995756428504918,,0.0003373603560152592,0.0003373576984145159,2
"(18, 9)",0.9990863065505733,,0.0009721426145930447,2.0909775033928493e-05,3
"(19, 6)",0.9995582676751131,,0.0003598887651076989,0.00035989111092103265,2
"(19, 9)",0.9989336798014202,,0.0013687619854538956,0.00018346429253413785,3
"(20, 6)",0.9995469754567325,,0.0003780689469572685,0.00037807009107450535,2
"(20, 9)",0.9989013473562163,,0.0013245152179909684,5.192948759163829e-05,3
"(21, 6)",0.9995411650959412,,0.0003919186781798114,0.0003919210134643565,2
"(21, 9)",0.998832487926795,,0.001594145886469781,0.00026585100460292107,3
"(22, 6)",0.9995368546451999,,0.00040472961003185396,0.0004047267546622666,2
"(22, 9)",0.999292416876973,,0.000807548108184528,2.9987783658327516e-05,3
"(23, 6)",0.999440647153387,,0.0005001563659933822,0.0005001540022538583,2
"(23, 9)",0.9989971194298688,,0.0013306080300538518,9.842030503555722e-05,3
"(24, 6)",0.9994719614589354,,0.00048294881339892083,0.0004829471792230126,2
"(24, 9)",0.9989483881400778,,0.001440819095178178,0.00012275566413146822,3
"(25, 6)",0.9996212324960573,,0.0003542407656618733,0.00035423835200898413,2
"(25, 9)",0.9991664211827094,,0.0011265122761864666,5.625473992148602e-05,3
"(26, 6)",0.9996202833585593,,0.00036315428350478554,0.0003631544037411889,2
"(26, 9)",0.9994181117526094,,0.0006601012115057555,2.9621486066960068e-05,3
"(27, 6)",0.9996246201986456,,0.0003669978507071713,0.00036700076496266215,2
"(27, 9)",0.999360481220382,,0.0008541700101768107,3.09634016007953e-05,3
"(28, 6)",0.9996322012504468,,0.0003674787670004538,0.0003674819903001309,2
"(28, 9)",0.9993441632878404,,0.0007709192073616733,3.375145948910003e-05,3
"(29, 6)",0.9996252062947963,,0.0003826397141374259,0.0003826380799083767,2
"(29, 9)",0.9994673263330272,,0.0003845100273980872,7.195070876914231e-05,3
"(30, 6)",0.99950901351217,,0.0005120886785175678,0.0005120875798853502,2
"(30, 9)",0.9992520299982607,,0.0005777866240284081,0.00018666092561940304,3
"(31, 6)",0.9995318610464887,,0.0004985877314975264,0.0004985891756423037,2
"(31, 9)",0.9993119125972101,,0.0005329378693274429,9.447278202520256e-05,3
"(32, 6)",0.9996379511431278,,0.0003936466112428664,0.00039365102376540833,2
"(32, 9)",0.999073476369041,,0.000457343905625868,0.00025608013256397466,3
"(33, 6)",0.9996457971182726,,0.0003930211105977148,0.0003930229481213331,2
"(33, 9)",0.9989521522155673,,0.0004277123242262118,0.00025405704816707837,3
"(34, 6)",0.9996529356176888,,0.0003928589898889289,0.0003928638172837972,2
"(34, 9)",0.998749384712349,,0.00042950840167541813,0.0004553979747386697,3
"(35, 6)",0.9996606209501994,,0.0003917442673399511,0.0003917449331192012,2
"(35, 9)",0.9986355844713612,,0.000410280829473343,0.0006338387933439077,3
"(36, 6)",0.9996699831222486,,0.0003883572267457098,0.0003883528919891083,2
"(36, 9)",0.9986787278628575,,0.0005458227499795737,0.0006250501549525088,3
"(37, 6)",0.9996164376438645,,0.00045996553260885806,0.00045996722428786056,2
"(37, 9)",0.9984622394391347,,0.0004477827616196902,0.0007217733679446141,3
"(38, 6)",0.9997086059896148,,0.00035588766756068836,0.00035588728937463167,2
"(38, 9)",0.9981857297667311,,0.0005202486165233439,0.0007826148404164178,3
"(39, 6)",0.9997186676170926,,0.00034973355185038816,0.00034973097918948506,2
"(39, 9)",0.998143704193237,,0.0005481922953648377,0.0008839359025995265,3
"(40, 6)",0.9997325623929953,,0.0003382306950402799,0.0003382329411512285,2
"(40, 9)",0.9982058612210789,,0.0005423966414930788,0.0008956044958532361,3
"(41, 6)",0.9997422446102469,,0.00033136488795855077,0.00033137181340951337,2
"(41, 9)",0.9982419184047251,,0.0005435889038088906,0.0009407682343023473,3
"(42, 6)",0.9997519371880297,,0.000323945203711112,0.0003239454812910804,2
"(42, 9)",0.9980668757054059,,0.0005765425037807567,0.0010293528853687086,3
"(43, 6)",0.9997554414733139,,0.0003242574627991045,0.0003242581089006808,2
"(43, 9)",0.997657386589982,,0.0006417865787307072,0.0012011366796573024,3
"(44, 6)",0.9997136367654447,,0.00038551417791061603,0.0003855158062924794,2
"(44, 9)",0.9977015133214111,,0.0005170352161235448,0.0009400908366247956,3
"(45, 6)",0.9997235168354092,,0.00037770335218196486,0.00037769939825735223,2
"(45, 9)",0.9977695412761365,,0.0005676114369638321,0.0010578062390875932,3
"(46, 6)",0.9997748226057321,,0.00031194543610331025,0.0003119495872505129,2
"(46, 9)",0.9980478695558987,,0.000493076586454352,0.0008827673340219643,3
"(47, 6)",0.9997845369990421,,0.00030242884520763314,0.00030242459697549413,2
"(47, 9)",0.9982353887796434,,0.0004841018788833379,0.0008690896125845153,3
"(48, 6)",0.9997929808320944,,0.0002941592747034088,0.0002941596527962667,2
"(48, 9)",0.9988471595727836,,0.00045300368723154934,0.0007222616639728584,3
"(49, 6)",0.9998038785537571,,0.0002820119514453512,0.00028201397570433776,2
"(49, 9)",0.9981860502774358,,0.0005807941204352476,0.0010200265669496058,3
"(50, 6)",0.999810103507912,,0.00027597027550959696,0.00027596816767654146,2
"(50, 9)",0.9990631969050848,,0.0004654465975259055,0.0007536320455880259,3
"(51, 6)",0.9997693677098645,,0.0003383908416002079,0.0003383938082187845,2
"(51, 9)",0.9986590642940736,,0.0005422491882986797,0.0009588974208274917,3
"(52, 6)",0.999777414853925,,0.0003296161567313388,0.0003296191918620822,2
"(52, 9)",0.9993109232458124,,0.00039074217037551043,0.0005893457823949158,3
"(53, 6)",0.9998183707017094,,0.0002710907895235871,0.00027108880536372244,2
"(53, 9)",0.9989766548878771,,0.0004694338682879895,0.0007939515513926632,3
"(54, 6)",0.9998167077558944,,0.00027544589281263467,0.00027544869182154674,2
"(54, 9)",0.9993354926353331,,0.00037510371789250814,0.0005767498285180427,3
"(55, 6)",0.9998176927992571,,0.0002757946238295127,0.00027579987301850825,2
"(55, 9)",0.9992834496217642,,0.00042378941306152134,0.0006960217484237431,3
"(56, 6)",0.9998208632905601,,0.0002724775441847544,0.00027247370809142736,2
"(56, 9)",0.9992242883961111,,0.00043375689222260026,0.0007309162362813049,3
"(57, 6)",0.9998229251378391,,0.0002705843040822408,0.00027058517409598627,2
"(57, 9)",0.9991656089883836,,0.0004862520905742384,0.0008522521834125444,3
"(58, 6)",0.9997877353071856,,0.0003257868328006265,0.00032578584603792183,2
"(58, 9)",0.9991776995077227,,0.0004931032776079829,0.0008693333859083161,3
"(59, 6)",0.9997874129292277,,0.0003273870776171338,0.0003273850702874601,2
"(59, 9)",0.9993103148300821,,0.0003359976045763132,0.0005500577113365135,3
"(60, 6)",0.9998185405491009,,0.0002803300562273861,0.000280324278460642,2
"(60, 9)",0.999335091580895,,0.0003354305877287034,0.0005495768473305226,3
"(61, 6)",0.9997753823549702,,0.0003482228644499001,0.0003482188762205412,2
"(61, 9)",0.9993057921812663,,0.00035890173600489913,0.0006058577788327791,3
"(62, 6)",0.9998279903627483,,0.00026732480198808043,0.00026732713378766447,2
"(62, 9)",0.9992965548574522,,0.00037579664677047086,0.0006471080214985002,3
"(63, 6)",0.9997870690618713,,0.0003317166380695203,0.00033171558505500976,2
"(63, 9)",0.9992543212399492,,0.0004130462456015754,0.0007312329618598083,3
"(64, 6)",0.9998429805113994,,0.0002452444974310417,0.0002452437271585596,2
"(64, 9)",0.9990523977379374,,0.0006697182874217251,0.0012529959094717568,3
"(65, 6)",0.9998101572778422,,0.00029703188617758147,0.00029702861143345363,2
"(65, 9)",0.9990714798484229,,0.000702100550569344,0.0013096820967453148,3
"(66, 6)",0.9997918965936983,,0.00032614079950519137,0.00032613930327964047,2
"(66, 9)",0.9987846365608677,,0.0008541199072935574,0.0016281282048951457,3
"(67, 6)",0.9997601042386981,,0.0003766541262609865,0.000376659371249926,2
"(67, 9)",0.9992148030164831,,0.0005254872193432213,0.000949462029844336,3
"(68, 6)",0.9998101987520019,,0.00029830230107869525,0.00029830414869962623,2
"(68, 9)",0.9987106101869733,,0.0009463918299839508,0.001814990676109375,3
"(69, 6)",0.9997420605535704,,0.0004055886328274591,0.00040558567540889263,2
"(69, 9)",0.999095031288967,,0.0006160527929906549,0.0011406256156433197,3
"(70, 6)",0.9998037392099923,,0.0003085905223131642,0.0003085997682813204,2
"(70, 9)",0.9986577071620659,,0.0010437289368267382,0.002014079473400983,3
"(71, 6)",0.9997322652795705,,0.0004204449236702869,0.00042044505942382836,2
"(71, 9)",0.9991565644198966,,0.0007073347471453746,0.0012987749884211947,3
"(72, 6)",0.999723664341349,,0.00043291563405248713,0.00043291819589748087,2
"(72, 9)",0.9993594589159304,,0.0008029065268681903,0.0014540967817112914,3
"(73, 6)",0.9997172679528186,,0.00044142714542641764,0.0004414283568550531,2
"(73, 9)",0.9988656516497395,,0.0008357898815282165,0.0015692653857446804,3
"(74, 6)",0.9997365975634975,,0.0004096572163109665,0.0004096576672364239,2
"(74, 9)",0.9984116504694056,,0.0014068984034250347,0.002736900963940459,3
"(75, 6)",0.9997055898008926,,0.00045619793898194817,0.0004562004091043467,2
"(75, 9)",0.9990378838494072,,0.0009642175534701054,0.0018523685750591477,3
"(76, 6)",0.9996715343181051,,0.0005068393685560251,0.0005068360674698265,2
"(76, 9)",0.9991201809718718,,0.0008625707369749546,0.0016125842998280864,3
"(77, 6)",0.9996358558627707,,0.000558942181649311,0.0005589415213660847,2
"(77, 9)",0.9988983116295993,,0.000933736039307942,0.0017340191612541607,3
"(78, 6)",0.9995992995182089,,0.0006111903352650982,0.0006111906626729151,2
"(78, 9)",0.9990202485300359,,0.0010591998111731432,0.0019545383180036595,3
"(79, 6)",0.9993848607015414,,0.0009313457768910195,0.0009313447938309252,2
"(79, 9)",0.9992768879526103,,0.0009472768573593734,0.001630307816177737,3
"(80, 6)",0.9993077933546759,,0.0010400365787123496,0.0010400431625569267,2
"(80, 9)",0.9991220243223835,,0.0011314160818761895,0.0021143762080443724,3
"(81, 6)",0.9991861735773306,,0.0012138857593366214,0.001213871279957628,2
"(81, 9)",0.9986663314272901,,0.0012896034052963816,0.002413488706968436,3
"(82, 6)",0.9991104249616407,,0.0013166751510665252,0.0013166753703257113,2
"(82, 9)",0.9991039437314239,,0.0011288734814269906,0.0020470670368575505,3
"(83, 6)",0.9990402832774525,,0.0014081014841790223,0.0014081078319091458,2
"(83, 9)",0.9985465725050524,,0.0015074876016531844,0.0028486878891355537,3
"(84, 6)",0.9989990547737089,,0.0014542573190551235,0.0014542426260972902,2
"(84, 9)",0.9989612827338695,,0.001337842568968383,0.0024685676760196062,3
"(85, 6)",0.9989562401043479,,0.001500081717572637,0.0015000784345856873,2
"(85, 9)",0.9989977250792706,,0.0015169875304545707,0.0026305185680129198,3
"(86, 6)",0.9987341361003086,,0.0017991984813899556,0.0017991979828077616,2
"(86, 9)",0.9985441926323753,,0.002135744691924685,0.003955692495461697,3
"(87, 6)",0.9986753300787754,,0.0018633467066287213,0.0018633550709221463,2
"(87, 9)",0.9970337258190616,,0.003526009613863196,0.0068788635838059635,3
"(88, 6)",0.998601832837949,,0.0019448036032466759,0.00194481039303721,2
"(88, 9)",0.9983808811836001,,0.0022067974126265158,0.004073635216186938,3
"(89, 6)",0.9989895772165809,,0.0013901325598017706,0.001390131488336009,2
"(89, 9)",0.9982273995856343,,0.0026859364286911224,0.005044845480438754,3
"(90, 6)",0.9982639572261723,,0.0023629330587667642,0.0023629255285251474,2
"(90, 9)",0.9980099772878492,,0.0025880723248655375,0.004867736489372024,3
"(91, 6)",0.9986905099905906,,0.0017623399972473456,0.0017623365005079133,2
"(91, 9)",0.9990027600477682,,0.0011397546653330848,0.002076607231924385,3
"(92, 6)",0.9978570579088637,,0.0028514912772691016,0.0028514826458620837,2
"(92, 9)",0.9961059159193174,,0.005319909636269927,0.01043333998592012,3
"(93, 6)",0.9988453810238958,,0.0015195654755964852,0.0015195633063998307,2
"(93, 9)",0.9963738981398618,,0.004461340641873151,0.008699715714192771,3
"(94, 6)",0.9986218928252996,,0.0017929311665589762,0.001792937326547932,2
"(94, 9)",0.9956706030515646,,0.005830875158989992,0.011389559048607095,3
"(95, 6)",0.9986041932928985,,0.0017949238583646198,0.0017949199757518093,2
"(95, 9)",0.9974933076440171,,0.003738050941300129,0.007236999510146036,3
"(96, 6)",0.9984338446819419,,0.0019922810827315623,0.0019922776388992987,2
"(96, 9)",0.9962029802397071,,0.00589171743043871,0.011347421395710417,3
"(97, 6)",0.9983620724961495,,0.0020586930912535493,0.002058692785813693,2
"(97, 9)",0.997358221685089,,0.003359332913013439,0.006442339563839494,3
"(98, 6)",0.9992940330478628,,0.0008764676449466012,0.000876469383074557,2
"(98, 9)",0.9990624737105022,,0.0009687879932385946,0.0017295936969338142,3
"(99, 6)",0.9984724067074657,,0.0018724487410882523,0.0018724451135503084,2
"(99, 9)",0.9981976165254207,,0.002902587865793882,0.0052336924047387615,3
"(100, 6)",0.9981306123449567,,0.0022581223755704927,0.002258133060545881,2
"(100, 9)",0.9969237384816223,,0.003924795572409924,0.007514940151032019,3
"(101, 6)",0.9969935144543138,,0.003578715790161335,0.003578715360830067,2
"(101, 9)",0.999075113784363,,0.0007367161476655196,0.0012464595578750163,3
"(102, 6)",0.9977268621772111,,0.002664901181891643,0.0026649044135018023,2
"(102, 9)",0.9985301406384084,,0.00135719510533412,0.0025557111804336598,3
"(103, 6)",0.9969719325508882,,0.003491629671763508,0.0034916227672503546,2
"(103, 9)",0.9956927622459566,,0.006136506020960883,0.011778293428669692,3
"(104, 6)",0.997960977660779,,0.002311591524258322,0.0023115972928440687,2
"(104, 9)",0.9979545311763327,,0.002526059880112142,0.004808119195163183,3
"(105, 6)",0.997848369018528,,0.0024000552588725774,0.002400053763384391,2
"(105, 9)",0.9973306638984227,,0.0018908761960803678,0.003598122882756241,3
"(106, 6)",0.9968338177733839,,0.0034710050001374847,0.0034710130840142376,2
"(106, 9)",0.9957460887510543,,0.005349196136295974,0.010405153458950551,3
"(107, 6)",0.9971425514690163,,0.003079030487734275,0.0030790310983347434,2
"(107, 9)",0.9981555392119776,,0.0027608664783221356,0.004865946833830046,3
"(108, 6)",0.9979656569023327,,0.002152621111015352,0.0021526323470768285,2
"(108, 9)",0.995821623283213,,0.0049390232768200485,0.00950659611396858,3
"(109, 6)",0.9978027269991563,,0.0022806857469105653,0.0022806904081630512,2
"(109, 9)",0.9973387429471763,,0.0036972513457885084,0.006778179249162411,3
"(110, 6)",0.997067686418915,,0.002984060770611719,0.002984060862544774,2
"(110, 9)",0.9960424879638766,,0.004673872073552982,0.008946884497764448,3
"(111, 6)",0.9977644400874341,,0.0022318225976111113,0.0022318282291771685,2
"(111, 9)",0.9980443955945199,,0.002617710564560887,0.004627381270225683,3
"(112, 6)",0.9984213060262245,,0.0015444182639907501,0.0015444075506887505,2
"(112, 9)",0.9971300104898893,,0.003579488676319468,0.006700961268829855,3
"(113, 6)",0.9979105141253108,,0.0020035972821090438,0.0020035926237398924,2
"(113, 9)",0.9974138653698656,,0.003278413420452189,0.006168471272164508,3
"(114, 6)",0.9986610915620442,,0.0012579750456230524,0.0012579671693476197,2
"(114, 9)",0.9977108098376581,,0.0035283792769858686,0.006430295466037134,3
"(115, 6)",0.9979454305817261,,0.001890299468201876,0.0018903136436445671,2
"(115, 9)",0.997871442201217,,0.002898105749889906,0.0053902363537973366,3
"(116, 6)",0.9974594045674241,,0.00228791672167459,0.002287917757972646,2
"(116, 9)",0.9990404027311623,,0.001363308972011424,0.0022198408857671457,3
"(117, 6)",0.9980900752491072,,0.0016848643385012612,0.0016848712780198494,2
"(117, 9)",0.9984090104646124,,0.0021522638455768205,0.0038949561070467896,3
"(118, 6)",0.9984501235429146,,0.0013370346736794746,0.0013370372093971872,2
"(118, 9)",0.9991732891256242,,0.0012550803874561234,0.001953217425348915,3
"(119, 6)",0.998169000775456,,0.001546581184922184,0.0015465827979545873,2
"(119, 9)",0.9985503603517336,,0.0019610303122784135,0.0035468946441343163,3
"(120, 6)",0.9978205624263545,,0.0018028286172129982,0.0018028224734934085,2
"(120, 9)",0.9988793036793224,,0.0018085927645496464,0.003068990474651524,3
"(121, 6)",0.9978190655578525,,0.0017654800609615152,0.0017654854711193634,2
"(121, 9)",0.9988861726457188,,0.0015395995239248135,0.0027094464122972093,3
"(122, 6)",0.9979360034336014,,0.001635367541461988,0.0016353769776404428,2
"(122, 9)",0.9990008744679477,,0.0013539528875305892,0.002360018502104513,3
"(123, 6)",0.9983142114158274,,0.0013090754482435716,0.00130907253875873,2
"(123, 9)",0.9990444932914897,,0.0012255739234305878,0.0021238012785933214,3
"(124, 6)",0.9979471575461909,,0.001559342672298943,0.0015593404224180703,2
"(124, 9)",0.9990978046258271,,0.0011104461485976814,0.0018999999959038965,3
"(125, 6)",0.9983815989342879,,0.00120348703752458,0.0012034910205874314,2
"(125, 9)",0.9991310106727568,,0.0010282022721475209,0.0017450219809955231,3
"(126, 6)",0.9979132612364283,,0.001518837270969098,0.001518840252140535,2
"(126, 9)",0.9991444365709865,,0.0009776943993889614,0.0016574761093659327,3
"(127, 6)",0.9982572789699697,,0.001240544202242236,0.001240534683338226,2
"(127, 9)",0.9991670715786888,,0.0009135495362257448,0.001546397600351609,3
"(128, 6)",0.999016718150187,,0.0006846182711861594,0.0006846171813573835,2
"(128, 9)",0.9992467100232585,,0.0007586813836087482,0.001243086614126493,3
"(129, 6)",0.9984045810482125,,0.0010877077204178905,0.001087706586553068,2
"(129, 9)",0.9992248240908657,,0.0006621626849187697,0.001059977220987489,3
"(130, 6)",0.998574622863702,,0.0009501651315296293,0.000950162129876932,2
"(130, 9)",0.9991809897759487,,0.0006056733444743679,0.0009408637870407651,3
"(131, 6)",0.9986848886736964,,0.0008575585574023489,0.0008575576425042106,2
"(131, 9)",0.9991079050041297,,0.0005591470112742364,0.0008425607652875832,3
"(132, 6)",0.9990403972257511,,0.0006124913977587902,0.0006124890906353151,2
"(132, 9)",0.9990006869633332,,0.0005553741663337357,0.0008351446374716579,3
"(133, 6)",0.998662851304389,,0.0008338398364344273,0.000833838430114994,2
"(133, 9)",0.998992725704806,,0.0005139551531277471,0.0007446371652798504,3
"(134, 6)",0.9985484731969978,,0.0008846950595466771,0.0008846979821139162,2
"(134, 9)",0.9990919874354378,,0.00043516063117921076,0.000592158082603405,3
"(135, 6)",0.9984978326184728,,0.0008951439490515981,0.0008951403616264287,2
"(135, 9)",0.9991953241167931,,0.0003680383691591575,0.00046267178337359635,3
"(136, 6)",0.9985269232631696,,0.0008567571711454142,0.0008567641130352204,2
"(136, 9)",0.9991834361875995,,0.0003293712963536207,0.00038017373479220953,3
"(137, 6)",0.9986025436754001,,0.0007939546678978957,0.0007939551995963332,2
"(137, 9)",0.9990850795481763,,0.0003278879939272911,0.0003698878484062767,3
"(138, 6)",0.9986657896559377,,0.0007408780431529916,0.0007408804984173848,2
"(138, 9)",0.9989802950814395,,0.00032875981392564414,0.00035823864830240284,3
"(139, 6)",0.9983871036173579,,0.0008737620791577237,0.0008737656817911302,2
"(139, 9)",0.9988835652861314,,0.00032557051876592216,0.00033237769972349797,3
"(140, 6)",0.9981790457237301,,0.0009628302475300074,0.0009628342662474356,2
"(140, 9)",0.9988319577716301,,0.0003185434062706022,0.0003036814010611377,3
"(141, 6)",0.9980736217078173,,0.0009943454324227428,0.0009943418531367294,2
"(141, 9)",0.9988501529747797,,0.00029354730667195775,0.0002786138239425179,3
"(142, 6)",0.9991554984461632,,0.00042469470341442326,0.0004246919564745553,2
"(142, 9)",0.9988050808722515,,0.0002830767100937481,0.00021151499757077248,3
"(143, 6)",0.9983483582403203,,0.0008096399746276477,0.0008096344351014385,2
"(143, 9)",0.9984475505374518,,0.00030307593867099844,0.000212534780661817,3
"(144, 6)",0.9985473716326045,,0.0006942068028677,0.0006942076160582218,2
"(144, 9)",0.9987524103357199,,0.00031903188312949174,0.0002642203673071324,3
"(145, 6)",0.998569230695759,,0.0006651504773064782,0.0006651517839133664,2
"(145, 9)",0.9979550472006069,,0.0003358318227430221,0.00016239617851439793,3
"(146, 6)",0.9986514842924772,,0.0006108566692611011,0.0006108560535705521,2
"(146, 9)",0.9984265367405326,,0.0003362541610774742,0.00019399297630519682,3
"(147, 6)",0.9987611155750691,,0.0005473897527837974,0.0005473890189994524,2
"(147, 9)",0.9975668470422048,,0.0003813070629306653,0.0001179152509238089,3
"(148, 6)",0.998871200172506,,0.00048575955244899117,0.00048575938865822235,2
"(148, 9)",0.9975626578114835,,0.0004558420204061814,0.00011269021086649588,3
"(149, 6)",0.9992803500528322,,0.0003020308138609299,0.0003020283912875502,2
"(149, 9)",0.9972459943362142,,0.0004985907571589156,0.00014887229038194856,3
"(150, 6)",0.999282056443267,,0.0002938768970290321,0.0002938787642216774,2
"(150, 9)",0.9982878517300278,,0.0004403688896081881,0.0002200604084306977,3
"(151, 6)",0.9994607920876327,,0.00021476910718441333,0.00021476831477887522,2
"(151, 9)",0.9967301612717254,,0.000556221337653936,0.00010812051175780947,3
"(152, 6)",0.9994430850131828,,0.00021596134153854173,0.0002159612101889875,2
"(152, 9)",0.9971527286440247,,0.00047283956975260053,0.00013876425748113517,3
"(153, 6)",0.9994856435908002,,0.00019424859242275875,0.00019424866352714084,2
"(153, 9)",0.9973391261411118,,0.0005612321535166669,0.00011164431526451827,3
"(154, 6)",0.9994152533514367,,0.00021447825825238038,0.00021447612924779688,2
"(154, 9)",0.997244952109367,,0.00046920614811239524,0.00017106039860035713,3
"(155, 6)",0.9994579320666335,,0.00019323429987363469,0.00019323357216185043,2
"(155, 9)",0.9977924893216799,,0.0006909285711786708,0.00024126570460717228,3
"(156, 6)",0.9996115236570793,,0.00013463787034138453,0.00013463800199432972,2
"(156, 9)",0.997217618329517,,0.0007264638719951405,0.00027227972368847275,3
"(157, 6)",0.9995658713815838,,0.00014592592894538354,0.00014592813245243352,2
"(157, 9)",0.996913020395745,,0.0010433178743028564,0.00023775270231081707,3
"(158, 6)",0.9996267673034149,,0.00012173347936948819,0.00012173346020238467,2
"(158, 9)",0.9974573806095086,,0.0007800484295014782,0.00033404667227825407,3
"(159, 6)",0.9995932487378099,,0.00012877487690582295,0.0001287755816442278,2
"(159, 9)",0.9974874744360039,,0.0009746399902064832,0.00031682307658770806,3
"(160, 6)",0.9993803043971118,,0.00019006887531539994,0.0001900689865927951,2
"(160, 9)",0.9975854462247581,,0.0008120030944370837,0.0003852283312858015,3
"(161, 6)",0.9993524090587975,,0.00019254350738540167,0.00019254255142717478,2
"(161, 9)",0.9971441716553867,,0.001133399565583112,0.0003374867366139049,3
"(162, 6)",0.9995660016783667,,0.00012499746278439965,0.00012499888438235072,2
"(162, 9)",0.9976744070302936,,0.0008266789516354002,0.0004458935648095881,3
"(163, 6)",0.9994313435579656,,0.0001585445615488146,0.00015854272522043648,2
"(163, 9)",0.9976245163433463,,0.0010370289423871925,0.0004325125769409524,3
"(164, 6)",0.9993778865961771,,0.00016784680887923183,0.00016784682145352148,2
"(164, 9)",0.9981722652942981,,0.0005983388003961488,0.0004125320607047608,3
"(165, 6)",0.99957534965137,,0.00011080740479956134,0.00011080893518028145,2
"(165, 9)",0.9983518964637119,,0.0006638711778470269,0.0003985539252686302,3
"(166, 6)",0.9993576523276174,,0.00016206756694097619,0.00016206745741359385,2
"(166, 9)",0.998200100055455,,0.0006144384359970881,0.0004280232194024215,3
"(167, 6)",0.9995486120226365,,0.00011012709913430734,0.00011012859556896467,2
"(167, 9)",0.9983172317663425,,0.0006975918555017289,0.00042183314922770597,3
"(168, 6)",0.99931581673197,,0.00016123450412790233,0.0001612320398409824,2
"(168, 9)",0.9981889271176124,,0.0006302356099433975,0.0004719907544317452,3
"(169, 6)",0.9994833119917903,,0.0001175639018512862,0.0001175644138169125,2
"(169, 9)",0.9979000586984699,,0.0011185311236730352,0.0006375439945478793,3
"(170, 6)",0.9994225149978117,,0.00012666758903111632,0.00012666602295203548,2
"(170, 9)",0.9982783359504243,,0.0008608304335232263,0.0007354834313776932,3
"(171, 6)",0.9995208572708305,,0.00010125105445457897,0.00010125094968731976,2
"(171, 9)",0.9984359523471167,,0.0007109548045953314,0.0005081004144739217,3
"(172, 6)",0.9995372113313428,,9.426196971461149e-05,9.426152493662491e-05,2
"(172, 9)",0.9983769026481162,,0.0006365962492433512,0.0005522593440394201,3
"(173, 6)",0.9996310475058383,,7.248648150547931e-05,7.248612478983634e-05,2
"(173, 9)",0.9984505401299504,,0.0007216717408157284,0.0005213799350071071,3
"(174, 6)",0.9995902286051,,7.756611370219997e-05,7.756728241479127e-05,2
"(174, 9)",0.9984124086222801,,0.0006462591602995587,0.000569769474590483,3
"(175, 6)",0.9995748828576151,,7.761062485669914e-05,7.761099176857673e-05,2
"(175, 9)",0.9984721086866792,,0.0007270364734352642,0.000539313964799378,3
"(176, 6)",0.9994588178485309,,9.526354571992673e-05,9.526327061050423e-05,2
"(176, 9)",0.9985837901301999,,0.0008299473369844954,0.0008104696814288164,3
"(177, 6)",0.9995021350950783,,8.444856301622693e-05,8.444989662884668e-05,2
"(177, 9)",0.9984118480130231,,0.0009519034212148649,0.0006968601783327845,3
"(178, 6)",0.9994425264117063,,9.105082829558711e-05,9.105064534188871e-05,2
"(178, 9)",0.9985935676401532,,0.0005750923579506233,0.0005476312572665974,3
"(179, 6)",0.9995188052592605,,7.573196569401962e-05,7.573219693008954e-05,2
"(179, 9)",0.9986312421816046,,0.0006445852579597312,0.0004972157305903009,3
"(180, 6)",0.9994213636246805,,8.757536932143064e-05,8.757502752662909e-05,2
"(180, 9)",0.9986116737055224,,0.0005661025061532485,0.0005207308075981813,3
"(181, 6)",0.9995053884987217,,7.193474937855566e-05,7.193391843289059e-05,2
"(181, 9)",0.9986937583561109,,0.000628339198486271,0.0004908985531572316,3
"(182, 6)",0.9994307781543887,,7.955060455237372e-05,7.955054192551867e-05,2
"(182, 9)",0.9986177568116058,,0.0005585373673172263,0.00053299292826471,3
"(183, 6)",0.9995113515796283,,6.568142765749672e-05,6.568168327992978e-05,2
"(183, 9)",0.9986358571390961,,0.000876313375389187,0.0006969844252007931,3
"(184, 6)",0.9995233241757046,,6.16267949199478e-05,6.162633036609392e-05,2
"(184, 9)",0.9985441619758649,,0.0006067516055564546,0.0006032172140475471,3
"(185, 6)",0.9995705817100675,,5.345375790758967e-05,5.3452768538573536e-05,2
"(185, 9)",0.9986161433683576,,0.0006936359958565124,0.0005182868428586806,3
"(186, 6)",0.999420019501793,,6.934655579301328e-05,6.934703556843894e-05,2
"(186, 9)",0.998675416338628,,0.0007461569735755223,0.0007184171948652786,3
"(187, 6)",0.9995375896072464,,5.305493845882592e-05,5.305420182535647e-05,2
"(187, 9)",0.9986803049783983,,0.0006671234545714054,0.00047428483200644665,3
"(188, 6)",0.9994369330088404,,6.200233049451161e-05,6.200162444876057e-05,2
"(188, 9)",0.9986903449586466,,0.0007106941108894682,0.0006674172811346131,3
"(189, 6)",0.9995459688301296,,4.790611095466917e-05,4.790674659081682e-05,2
"(189, 9)",0.9987096924652062,,0.0006654625833407355,0.00048452549044667305,3
"(190, 6)",0.9994517415512076,,5.5312851560796584e-05,5.531277700228725e-05,2
"(190, 9)",0.9986698160644103,,0.0005828237901859854,0.0005281617898465157,3
"(191, 6)",0.9994749816173244,,5.070405732331841e-05,5.070413591321519e-05,2
"(191, 9)",0.9985838733186267,,0.000981714050712428,0.0006860872092723931,3
"(192, 6)",0.9994618483587374,,4.961195640495656e-05,4.9612271565618814e-05,2
"(192, 9)",0.9986686744148905,,0.0007825596918816832,0.0007908524535743332,3
"(193, 6)",0.9994934889136193,,4.451549596320054e-05,4.4515117410777976e-05,2
"(193, 9)",0.998439644973355,,0.0010438809599392195,0.0007268322998275701,3
"(194, 6)",0.9993921369369454,,5.0929572284670465e-05,5.0929712432012296e-05,2
"(194, 9)",0.9985284830492723,,0.0007913524314397519,0.0007906453697815786,3
"(195, 6)",0.99946878910979,,4.247231016601962e-05,4.247233483463925e-05,2
"(195, 9)",0.99841661944309,,0.0010094832231374623,0.0007407864450680498,3
"(196, 6)",0.9993562100027247,,4.911212495440988e-05,4.9112111018976015e-05,2
"(196, 9)",0.998396650188518,,0.0007904189214094907,0.0008302002534501618,3
"(197, 6)",0.9994391093764161,,4.0864306693220306e-05,4.086428309337602e-05,2
"(197, 9)",0.9982837287469668,,0.0011487730658903763,0.0008537490830018518,3
"(198, 6)",0.9995964473556521,,2.8109365826092e-05,2.810857534208767e-05,2
"(198, 9)",0.9984625493345131,,0.0008809598517872327,0.0010435946313273887,3
