trial,s,t,condition,success,pre_used,world_seed,per_link_steps,auto_flush_on_goal
0,magenta,blue,baseline,1,116,0,200,1
0,magenta,blue,no_reset,1,116,0,200,1
0,magenta,blue,flush_planner,1,116,0,200,1
0,magenta,blue,clear_hidden_only,1,116,0,200,1
0,magenta,blue,delay_0,1,116,0,200,1
0,magenta,blue,delay_1,1,116,0,200,1
0,magenta,blue,delay_2,1,116,0,200,1
1,yellow,green,baseline,0,71,101,200,1
1,yellow,green,no_reset,0,71,101,200,1
1,yellow,green,flush_planner,0,71,101,200,1
1,yellow,green,clear_hidden_only,0,71,101,200,1
1,yellow,green,delay_0,0,71,101,200,1
1,yellow,green,delay_1,0,71,101,200,1
1,yellow,green,delay_2,0,71,101,200,1
2,blue,green,baseline,1,124,202,200,1
2,blue,green,no_reset,1,124,202,200,1
2,blue,green,flush_planner,1,124,202,200,1
2,blue,green,clear_hidden_only,1,124,202,200,1
2,blue,green,delay_0,1,124,202,200,1
2,blue,green,delay_1,1,124,202,200,1
2,blue,green,delay_2,1,124,202,200,1
3,green,blue,baseline,1,178,303,200,1
3,green,blue,no_reset,0,178,303,200,1
3,green,blue,flush_planner,1,178,303,200,1
3,green,blue,clear_hidden_only,0,178,303,200,1
3,green,blue,delay_0,1,178,303,200,1
3,green,blue,delay_1,0,178,303,200,1
3,green,blue,delay_2,1,178,303,200,1
4,green,magenta,baseline,1,60,404,200,1
4,green,magenta,no_reset,1,60,404,200,1
4,green,magenta,flush_planner,1,60,404,200,1
4,green,magenta,clear_hidden_only,1,60,404,200,1
4,green,magenta,delay_0,1,60,404,200,1
4,green,magenta,delay_1,1,60,404,200,1
4,green,magenta,delay_2,1,60,404,200,1
5,yellow,magenta,baseline,1,87,505,200,1
5,yellow,magenta,no_reset,1,87,505,200,1
5,yellow,magenta,flush_planner,1,87,505,200,1
5,yellow,magenta,clear_hidden_only,1,87,505,200,1
5,yellow,magenta,delay_0,1,87,505,200,1
5,yellow,magenta,delay_1,1,87,505,200,1
5,yellow,magenta,delay_2,1,87,505,200,1
6,yellow,blue,baseline,1,200,606,200,1
6,yellow,blue,no_reset,1,200,606,200,1
6,yellow,blue,flush_planner,1,200,606,200,1
6,yellow,blue,clear_hidden_only,1,200,606,200,1
6,yellow,blue,delay_0,1,200,606,200,1
6,yellow,blue,delay_1,1,200,606,200,1
6,yellow,blue,delay_2,0,200,606,200,1
7,magenta,yellow,baseline,1,67,707,200,1
7,magenta,yellow,no_reset,1,67,707,200,1
7,magenta,yellow,flush_planner,1,67,707,200,1
7,magenta,yellow,clear_hidden_only,1,67,707,200,1
7,magenta,yellow,delay_0,1,67,707,200,1
7,magenta,yellow,delay_1,1,67,707,200,1
7,magenta,yellow,delay_2,1,67,707,200,1
8,yellow,blue,baseline,1,104,808,200,1
8,yellow,blue,no_reset,1,104,808,200,1
8,yellow,blue,flush_planner,1,104,808,200,1
8,yellow,blue,clear_hidden_only,1,104,808,200,1
8,yellow,blue,delay_0,1,104,808,200,1
8,yellow,blue,delay_1,1,104,808,200,1
8,yellow,blue,delay_2,1,104,808,200,1
9,yellow,magenta,baseline,1,84,909,200,1
9,yellow,magenta,no_reset,1,84,909,200,1
9,yellow,magenta,flush_planner,1,84,909,200,1
9,yellow,magenta,clear_hidden_only,1,84,909,200,1
9,yellow,magenta,delay_0,1,84,909,200,1
9,yellow,magenta,delay_1,1,84,909,200,1
9,yellow,magenta,delay_2,1,84,909,200,1
10,blue,magenta,baseline,1,98,1010,200,1
10,blue,magenta,no_reset,1,98,1010,200,1
10,blue,magenta,flush_planner,1,98,1010,200,1
10,blue,magenta,clear_hidden_only,1,98,1010,200,1
10,blue,magenta,delay_0,1,98,1010,200,1
10,blue,magenta,delay_1,1,98,1010,200,1
10,blue,magenta,delay_2,1,98,1010,200,1
11,yellow,green,baseline,1,55,1111,200,1
11,yellow,green,no_reset,1,55,1111,200,1
11,yellow,green,flush_planner,1,55,1111,200,1
11,yellow,green,clear_hidden_only,1,55,1111,200,1
11,yellow,green,delay_0,1,55,1111,200,1
11,yellow,green,delay_1,1,55,1111,200,1
11,yellow,green,delay_2,1,55,1111,200,1
12,blue,magenta,baseline,1,70,1212,200,1
12,blue,magenta,no_reset,1,70,1212,200,1
12,blue,magenta,flush_planner,1,70,1212,200,1
12,blue,magenta,clear_hidden_only,1,70,1212,200,1
12,blue,magenta,delay_0,1,70,1212,200,1
12,blue,magenta,delay_1,1,70,1212,200,1
12,blue,magenta,delay_2,1,70,1212,200,1
13,yellow,green,baseline,1,99,1313,200,1
13,yellow,green,no_reset,1,99,1313,200,1
13,yellow,green,flush_planner,1,99,1313,200,1
13,yellow,green,clear_hidden_only,1,99,1313,200,1
13,yellow,green,delay_0,1,99,1313,200,1
13,yellow,green,delay_1,1,99,1313,200,1
13,yellow,green,delay_2,1,99,1313,200,1
14,magenta,yellow,baseline,1,61,1414,200,1
14,magenta,yellow,no_reset,1,61,1414,200,1
14,magenta,yellow,flush_planner,1,61,1414,200,1
14,magenta,yellow,clear_hidden_only,1,61,1414,200,1
14,magenta,yellow,delay_0,1,61,1414,200,1
14,magenta,yellow,delay_1,1,61,1414,200,1
14,magenta,yellow,delay_2,1,61,1414,200,1
15,magenta,green,baseline,0,58,1515,200,1
15,magenta,green,no_reset,1,58,1515,200,1
15,magenta,green,flush_planner,0,58,1515,200,1
15,magenta,green,clear_hidden_only,1,58,1515,200,1
15,magenta,green,delay_0,0,58,1515,200,1
15,magenta,green,delay_1,0,58,1515,200,1
15,magenta,green,delay_2,1,58,1515,200,1
16,green,magenta,baseline,1,55,1616,200,1
16,green,magenta,no_reset,1,55,1616,200,1
16,green,magenta,flush_planner,1,55,1616,200,1
16,green,magenta,clear_hidden_only,1,55,1616,200,1
16,green,magenta,delay_0,1,55,1616,200,1
16,green,magenta,delay_1,1,55,1616,200,1
16,green,magenta,delay_2,1,55,1616,200,1
17,green,yellow,baseline,1,55,1717,200,1
17,green,yellow,no_reset,1,55,1717,200,1
17,green,yellow,flush_planner,1,55,1717,200,1
17,green,yellow,clear_hidden_only,1,55,1717,200,1
17,green,yellow,delay_0,1,55,1717,200,1
17,green,yellow,delay_1,1,55,1717,200,1
17,green,yellow,delay_2,1,55,1717,200,1
18,green,blue,baseline,1,58,1818,200,1
18,green,blue,no_reset,1,58,1818,200,1
18,green,blue,flush_planner,1,58,1818,200,1
18,green,blue,clear_hidden_only,1,58,1818,200,1
18,green,blue,delay_0,1,58,1818,200,1
18,green,blue,delay_1,1,58,1818,200,1
18,green,blue,delay_2,1,58,1818,200,1
19,blue,yellow,baseline,1,128,1919,200,1
19,blue,yellow,no_reset,1,128,1919,200,1
19,blue,yellow,flush_planner,1,128,1919,200,1
19,blue,yellow,clear_hidden_only,1,128,1919,200,1
19,blue,yellow,delay_0,1,128,1919,200,1
19,blue,yellow,delay_1,1,128,1919,200,1
19,blue,yellow,delay_2,1,128,1919,200,1
20,blue,green,baseline,1,108,2020,200,1
20,blue,green,no_reset,1,108,2020,200,1
20,blue,green,flush_planner,1,108,2020,200,1
20,blue,green,clear_hidden_only,1,108,2020,200,1
20,blue,green,delay_0,1,108,2020,200,1
20,blue,green,delay_1,1,108,2020,200,1
20,blue,green,delay_2,1,108,2020,200,1
21,green,blue,baseline,0,95,2121,200,1
21,green,blue,no_reset,0,95,2121,200,1
21,green,blue,flush_planner,0,95,2121,200,1
21,green,blue,clear_hidden_only,0,95,2121,200,1
21,green,blue,delay_0,0,95,2121,200,1
21,green,blue,delay_1,0,95,2121,200,1
21,green,blue,delay_2,0,95,2121,200,1
22,green,magenta,baseline,0,200,2222,200,1
22,green,magenta,no_reset,1,200,2222,200,1
22,green,magenta,flush_planner,1,200,2222,200,1
22,green,magenta,clear_hidden_only,1,200,2222,200,1
22,green,magenta,delay_0,1,200,2222,200,1
22,green,magenta,delay_1,1,200,2222,200,1
22,green,magenta,delay_2,0,200,2222,200,1
23,yellow,blue,baseline,0,114,2323,200,1
23,yellow,blue,no_reset,0,114,2323,200,1
23,yellow,blue,flush_planner,0,114,2323,200,1
23,yellow,blue,clear_hidden_only,0,114,2323,200,1
23,yellow,blue,delay_0,0,114,2323,200,1
23,yellow,blue,delay_1,0,114,2323,200,1
23,yellow,blue,delay_2,0,114,2323,200,1
24,blue,yellow,baseline,1,104,2424,200,1
24,blue,yellow,no_reset,1,104,2424,200,1
24,blue,yellow,flush_planner,1,104,2424,200,1
24,blue,yellow,clear_hidden_only,1,104,2424,200,1
24,blue,yellow,delay_0,1,104,2424,200,1
24,blue,yellow,delay_1,1,104,2424,200,1
24,blue,yellow,delay_2,1,104,2424,200,1
25,magenta,blue,baseline,1,80,2525,200,1
25,magenta,blue,no_reset,1,80,2525,200,1
25,magenta,blue,flush_planner,1,80,2525,200,1
25,magenta,blue,clear_hidden_only,1,80,2525,200,1
25,magenta,blue,delay_0,1,80,2525,200,1
25,magenta,blue,delay_1,1,80,2525,200,1
25,magenta,blue,delay_2,1,80,2525,200,1
26,blue,magenta,baseline,1,105,2626,200,1
26,blue,magenta,no_reset,1,105,2626,200,1
26,blue,magenta,flush_planner,1,105,2626,200,1
26,blue,magenta,clear_hidden_only,1,105,2626,200,1
26,blue,magenta,delay_0,1,105,2626,200,1
26,blue,magenta,delay_1,1,105,2626,200,1
26,blue,magenta,delay_2,1,105,2626,200,1
27,magenta,yellow,baseline,1,117,2727,200,1
27,magenta,yellow,no_reset,1,117,2727,200,1
27,magenta,yellow,flush_planner,1,117,2727,200,1
27,magenta,yellow,clear_hidden_only,1,117,2727,200,1
27,magenta,yellow,delay_0,1,117,2727,200,1
27,magenta,yellow,delay_1,1,117,2727,200,1
27,magenta,yellow,delay_2,1,117,2727,200,1
28,blue,magenta,baseline,1,62,2828,200,1
28,blue,magenta,no_reset,1,62,2828,200,1
28,blue,magenta,flush_planner,1,62,2828,200,1
28,blue,magenta,clear_hidden_only,1,62,2828,200,1
28,blue,magenta,delay_0,1,62,2828,200,1
28,blue,magenta,delay_1,1,62,2828,200,1
28,blue,magenta,delay_2,1,62,2828,200,1
29,magenta,blue,baseline,0,71,2929,200,1
29,magenta,blue,no_reset,0,71,2929,200,1
29,magenta,blue,flush_planner,0,71,2929,200,1
29,magenta,blue,clear_hidden_only,0,71,2929,200,1
29,magenta,blue,delay_0,0,71,2929,200,1
29,magenta,blue,delay_1,0,71,2929,200,1
29,magenta,blue,delay_2,0,71,2929,200,1
30,magenta,yellow,baseline,1,40,3030,200,1
30,magenta,yellow,no_reset,1,40,3030,200,1
30,magenta,yellow,flush_planner,1,40,3030,200,1
30,magenta,yellow,clear_hidden_only,1,40,3030,200,1
30,magenta,yellow,delay_0,1,40,3030,200,1
30,magenta,yellow,delay_1,1,40,3030,200,1
30,magenta,yellow,delay_2,1,40,3030,200,1
31,yellow,blue,baseline,0,73,3131,200,1
31,yellow,blue,no_reset,0,73,3131,200,1
31,yellow,blue,flush_planner,0,73,3131,200,1
31,yellow,blue,clear_hidden_only,0,73,3131,200,1
31,yellow,blue,delay_0,0,73,3131,200,1
31,yellow,blue,delay_1,0,73,3131,200,1
31,yellow,blue,delay_2,0,73,3131,200,1
32,magenta,green,baseline,1,135,3232,200,1
32,magenta,green,no_reset,1,135,3232,200,1
32,magenta,green,flush_planner,1,135,3232,200,1
32,magenta,green,clear_hidden_only,1,135,3232,200,1
32,magenta,green,delay_0,1,135,3232,200,1
32,magenta,green,delay_1,1,135,3232,200,1
32,magenta,green,delay_2,1,135,3232,200,1
33,yellow,magenta,baseline,1,82,3333,200,1
33,yellow,magenta,no_reset,1,82,3333,200,1
33,yellow,magenta,flush_planner,1,82,3333,200,1
33,yellow,magenta,clear_hidden_only,1,82,3333,200,1
33,yellow,magenta,delay_0,1,82,3333,200,1
33,yellow,magenta,delay_1,1,82,3333,200,1
33,yellow,magenta,delay_2,1,82,3333,200,1
34,magenta,blue,baseline,1,45,3434,200,1
34,magenta,blue,no_reset,0,45,3434,200,1
34,magenta,blue,flush_planner,0,45,3434,200,1
34,magenta,blue,clear_hidden_only,0,45,3434,200,1
34,magenta,blue,delay_0,0,45,3434,200,1
34,magenta,blue,delay_1,1,45,3434,200,1
34,magenta,blue,delay_2,0,45,3434,200,1
35,blue,green,baseline,0,66,3535,200,1
35,blue,green,no_reset,0,66,3535,200,1
35,blue,green,flush_planner,0,66,3535,200,1
35,blue,green,clear_hidden_only,0,66,3535,200,1
35,blue,green,delay_0,0,66,3535,200,1
35,blue,green,delay_1,0,66,3535,200,1
35,blue,green,delay_2,0,66,3535,200,1
36,blue,yellow,baseline,0,148,3636,200,1
36,blue,yellow,no_reset,0,148,3636,200,1
36,blue,yellow,flush_planner,0,148,3636,200,1
36,blue,yellow,clear_hidden_only,0,148,3636,200,1
36,blue,yellow,delay_0,0,148,3636,200,1
36,blue,yellow,delay_1,0,148,3636,200,1
36,blue,yellow,delay_2,0,148,3636,200,1
37,yellow,magenta,baseline,0,200,3737,200,1
37,yellow,magenta,no_reset,0,200,3737,200,1
37,yellow,magenta,flush_planner,0,200,3737,200,1
37,yellow,magenta,clear_hidden_only,0,200,3737,200,1
37,yellow,magenta,delay_0,0,200,3737,200,1
37,yellow,magenta,delay_1,0,200,3737,200,1
37,yellow,magenta,delay_2,0,200,3737,200,1
38,green,magenta,baseline,1,144,3838,200,1
38,green,magenta,no_reset,1,144,3838,200,1
38,green,magenta,flush_planner,1,144,3838,200,1
38,green,magenta,clear_hidden_only,1,144,3838,200,1
38,green,magenta,delay_0,1,144,3838,200,1
38,green,magenta,delay_1,1,144,3838,200,1
38,green,magenta,delay_2,1,144,3838,200,1
39,yellow,blue,baseline,1,77,3939,200,1
39,yellow,blue,no_reset,1,77,3939,200,1
39,yellow,blue,flush_planner,1,77,3939,200,1
39,yellow,blue,clear_hidden_only,1,77,3939,200,1
39,yellow,blue,delay_0,1,77,3939,200,1
39,yellow,blue,delay_1,1,77,3939,200,1
39,yellow,blue,delay_2,1,77,3939,200,1
40,yellow,blue,baseline,1,200,4040,200,1
40,yellow,blue,no_reset,1,200,4040,200,1
40,yellow,blue,flush_planner,1,200,4040,200,1
40,yellow,blue,clear_hidden_only,1,200,4040,200,1
40,yellow,blue,delay_0,1,200,4040,200,1
40,yellow,blue,delay_1,1,200,4040,200,1
40,yellow,blue,delay_2,1,200,4040,200,1
41,blue,green,baseline,0,96,4141,200,1
41,blue,green,no_reset,0,96,4141,200,1
41,blue,green,flush_planner,0,96,4141,200,1
41,blue,green,clear_hidden_only,0,96,4141,200,1
41,blue,green,delay_0,0,96,4141,200,1
41,blue,green,delay_1,0,96,4141,200,1
41,blue,green,delay_2,0,96,4141,200,1
42,yellow,blue,baseline,1,93,4242,200,1
42,yellow,blue,no_reset,1,93,4242,200,1
42,yellow,blue,flush_planner,1,93,4242,200,1
42,yellow,blue,clear_hidden_only,1,93,4242,200,1
42,yellow,blue,delay_0,1,93,4242,200,1
42,yellow,blue,delay_1,1,93,4242,200,1
42,yellow,blue,delay_2,1,93,4242,200,1
43,yellow,blue,baseline,0,108,4343,200,1
43,yellow,blue,no_reset,0,108,4343,200,1
43,yellow,blue,flush_planner,0,108,4343,200,1
43,yellow,blue,clear_hidden_only,0,108,4343,200,1
43,yellow,blue,delay_0,0,108,4343,200,1
43,yellow,blue,delay_1,0,108,4343,200,1
43,yellow,blue,delay_2,0,108,4343,200,1
44,magenta,blue,baseline,0,71,4444,200,1
44,magenta,blue,no_reset,0,71,4444,200,1
44,magenta,blue,flush_planner,0,71,4444,200,1
44,magenta,blue,clear_hidden_only,0,71,4444,200,1
44,magenta,blue,delay_0,0,71,4444,200,1
44,magenta,blue,delay_1,0,71,4444,200,1
44,magenta,blue,delay_2,1,71,4444,200,1
45,blue,magenta,baseline,1,135,4545,200,1
45,blue,magenta,no_reset,1,135,4545,200,1
45,blue,magenta,flush_planner,1,135,4545,200,1
45,blue,magenta,clear_hidden_only,1,135,4545,200,1
45,blue,magenta,delay_0,1,135,4545,200,1
45,blue,magenta,delay_1,1,135,4545,200,1
45,blue,magenta,delay_2,1,135,4545,200,1
46,blue,green,baseline,1,72,4646,200,1
46,blue,green,no_reset,1,72,4646,200,1
46,blue,green,flush_planner,1,72,4646,200,1
46,blue,green,clear_hidden_only,1,72,4646,200,1
46,blue,green,delay_0,1,72,4646,200,1
46,blue,green,delay_1,1,72,4646,200,1
46,blue,green,delay_2,1,72,4646,200,1
47,yellow,blue,baseline,1,138,4747,200,1
47,yellow,blue,no_reset,1,138,4747,200,1
47,yellow,blue,flush_planner,1,138,4747,200,1
47,yellow,blue,clear_hidden_only,1,138,4747,200,1
47,yellow,blue,delay_0,1,138,4747,200,1
47,yellow,blue,delay_1,1,138,4747,200,1
47,yellow,blue,delay_2,1,138,4747,200,1
48,green,blue,baseline,1,84,4848,200,1
48,green,blue,no_reset,1,84,4848,200,1
48,green,blue,flush_planner,1,84,4848,200,1
48,green,blue,clear_hidden_only,1,84,4848,200,1
48,green,blue,delay_0,1,84,4848,200,1
48,green,blue,delay_1,1,84,4848,200,1
48,green,blue,delay_2,1,84,4848,200,1
49,blue,magenta,baseline,1,44,4949,200,1
49,blue,magenta,no_reset,1,44,4949,200,1
49,blue,magenta,flush_planner,1,44,4949,200,1
49,blue,magenta,clear_hidden_only,1,44,4949,200,1
49,blue,magenta,delay_0,1,44,4949,200,1
49,blue,magenta,delay_1,1,44,4949,200,1
49,blue,magenta,delay_2,1,44,4949,200,1
50,blue,magenta,baseline,1,111,5050,200,1
50,blue,magenta,no_reset,1,111,5050,200,1
50,blue,magenta,flush_planner,1,111,5050,200,1
50,blue,magenta,clear_hidden_only,1,111,5050,200,1
50,blue,magenta,delay_0,1,111,5050,200,1
50,blue,magenta,delay_1,1,111,5050,200,1
50,blue,magenta,delay_2,1,111,5050,200,1
51,blue,green,baseline,1,200,5151,200,1
51,blue,green,no_reset,0,200,5151,200,1
51,blue,green,flush_planner,1,200,5151,200,1
51,blue,green,clear_hidden_only,0,200,5151,200,1
51,blue,green,delay_0,1,200,5151,200,1
51,blue,green,delay_1,1,200,5151,200,1
51,blue,green,delay_2,1,200,5151,200,1
52,magenta,yellow,baseline,1,76,5252,200,1
52,magenta,yellow,no_reset,1,76,5252,200,1
52,magenta,yellow,flush_planner,1,76,5252,200,1
52,magenta,yellow,clear_hidden_only,1,76,5252,200,1
52,magenta,yellow,delay_0,1,76,5252,200,1
52,magenta,yellow,delay_1,1,76,5252,200,1
52,magenta,yellow,delay_2,1,76,5252,200,1
53,green,blue,baseline,0,100,5353,200,1
53,green,blue,no_reset,0,100,5353,200,1
53,green,blue,flush_planner,0,100,5353,200,1
53,green,blue,clear_hidden_only,0,100,5353,200,1
53,green,blue,delay_0,0,100,5353,200,1
53,green,blue,delay_1,0,100,5353,200,1
53,green,blue,delay_2,0,100,5353,200,1
54,yellow,blue,baseline,1,73,5454,200,1
54,yellow,blue,no_reset,1,73,5454,200,1
54,yellow,blue,flush_planner,1,73,5454,200,1
54,yellow,blue,clear_hidden_only,1,73,5454,200,1
54,yellow,blue,delay_0,1,73,5454,200,1
54,yellow,blue,delay_1,1,73,5454,200,1
54,yellow,blue,delay_2,1,73,5454,200,1
55,yellow,green,baseline,1,64,5555,200,1
55,yellow,green,no_reset,1,64,5555,200,1
55,yellow,green,flush_planner,1,64,5555,200,1
55,yellow,green,clear_hidden_only,1,64,5555,200,1
55,yellow,green,delay_0,1,64,5555,200,1
55,yellow,green,delay_1,1,64,5555,200,1
55,yellow,green,delay_2,1,64,5555,200,1
56,magenta,blue,baseline,1,58,5656,200,1
56,magenta,blue,no_reset,1,58,5656,200,1
56,magenta,blue,flush_planner,1,58,5656,200,1
56,magenta,blue,clear_hidden_only,1,58,5656,200,1
56,magenta,blue,delay_0,1,58,5656,200,1
56,magenta,blue,delay_1,1,58,5656,200,1
56,magenta,blue,delay_2,1,58,5656,200,1
57,magenta,yellow,baseline,1,60,5757,200,1
57,magenta,yellow,no_reset,0,60,5757,200,1
57,magenta,yellow,flush_planner,1,60,5757,200,1
57,magenta,yellow,clear_hidden_only,0,60,5757,200,1
57,magenta,yellow,delay_0,1,60,5757,200,1
57,magenta,yellow,delay_1,0,60,5757,200,1
57,magenta,yellow,delay_2,0,60,5757,200,1
58,yellow,green,baseline,1,52,5858,200,1
58,yellow,green,no_reset,1,52,5858,200,1
58,yellow,green,flush_planner,1,52,5858,200,1
58,yellow,green,clear_hidden_only,1,52,5858,200,1
58,yellow,green,delay_0,1,52,5858,200,1
58,yellow,green,delay_1,1,52,5858,200,1
58,yellow,green,delay_2,1,52,5858,200,1
59,magenta,green,baseline,1,77,5959,200,1
59,magenta,green,no_reset,1,77,5959,200,1
59,magenta,green,flush_planner,1,77,5959,200,1
59,magenta,green,clear_hidden_only,1,77,5959,200,1
59,magenta,green,delay_0,1,77,5959,200,1
59,magenta,green,delay_1,1,77,5959,200,1
59,magenta,green,delay_2,1,77,5959,200,1
60,yellow,blue,baseline,1,110,6060,200,1
60,yellow,blue,no_reset,1,110,6060,200,1
60,yellow,blue,flush_planner,1,110,6060,200,1
60,yellow,blue,clear_hidden_only,1,110,6060,200,1
60,yellow,blue,delay_0,1,110,6060,200,1
60,yellow,blue,delay_1,1,110,6060,200,1
60,yellow,blue,delay_2,1,110,6060,200,1
61,magenta,green,baseline,0,80,6161,200,1
61,magenta,green,no_reset,0,80,6161,200,1
61,magenta,green,flush_planner,0,80,6161,200,1
61,magenta,green,clear_hidden_only,0,80,6161,200,1
61,magenta,green,delay_0,0,80,6161,200,1
61,magenta,green,delay_1,0,80,6161,200,1
61,magenta,green,delay_2,0,80,6161,200,1
62,magenta,green,baseline,1,161,6262,200,1
62,magenta,green,no_reset,0,161,6262,200,1
62,magenta,green,flush_planner,1,161,6262,200,1
62,magenta,green,clear_hidden_only,0,161,6262,200,1
62,magenta,green,delay_0,1,161,6262,200,1
62,magenta,green,delay_1,0,161,6262,200,1
62,magenta,green,delay_2,1,161,6262,200,1
63,yellow,blue,baseline,1,113,6363,200,1
63,yellow,blue,no_reset,1,113,6363,200,1
63,yellow,blue,flush_planner,1,113,6363,200,1
63,yellow,blue,clear_hidden_only,1,113,6363,200,1
63,yellow,blue,delay_0,1,113,6363,200,1
63,yellow,blue,delay_1,1,113,6363,200,1
63,yellow,blue,delay_2,1,113,6363,200,1
64,magenta,green,baseline,1,99,6464,200,1
64,magenta,green,no_reset,1,99,6464,200,1
64,magenta,green,flush_planner,1,99,6464,200,1
64,magenta,green,clear_hidden_only,1,99,6464,200,1
64,magenta,green,delay_0,1,99,6464,200,1
64,magenta,green,delay_1,1,99,6464,200,1
64,magenta,green,delay_2,1,99,6464,200,1
65,magenta,yellow,baseline,1,52,6565,200,1
65,magenta,yellow,no_reset,1,52,6565,200,1
65,magenta,yellow,flush_planner,1,52,6565,200,1
65,magenta,yellow,clear_hidden_only,1,52,6565,200,1
65,magenta,yellow,delay_0,1,52,6565,200,1
65,magenta,yellow,delay_1,1,52,6565,200,1
65,magenta,yellow,delay_2,1,52,6565,200,1
66,magenta,green,baseline,0,137,6666,200,1
66,magenta,green,no_reset,0,137,6666,200,1
66,magenta,green,flush_planner,0,137,6666,200,1
66,magenta,green,clear_hidden_only,0,137,6666,200,1
66,magenta,green,delay_0,0,137,6666,200,1
66,magenta,green,delay_1,0,137,6666,200,1
66,magenta,green,delay_2,0,137,6666,200,1
67,magenta,yellow,baseline,1,57,6767,200,1
67,magenta,yellow,no_reset,1,57,6767,200,1
67,magenta,yellow,flush_planner,1,57,6767,200,1
67,magenta,yellow,clear_hidden_only,1,57,6767,200,1
67,magenta,yellow,delay_0,1,57,6767,200,1
67,magenta,yellow,delay_1,1,57,6767,200,1
67,magenta,yellow,delay_2,1,57,6767,200,1
68,green,yellow,baseline,1,79,6868,200,1
68,green,yellow,no_reset,1,79,6868,200,1
68,green,yellow,flush_planner,1,79,6868,200,1
68,green,yellow,clear_hidden_only,1,79,6868,200,1
68,green,yellow,delay_0,1,79,6868,200,1
68,green,yellow,delay_1,1,79,6868,200,1
68,green,yellow,delay_2,1,79,6868,200,1
69,yellow,green,baseline,1,93,6969,200,1
69,yellow,green,no_reset,1,93,6969,200,1
69,yellow,green,flush_planner,1,93,6969,200,1
69,yellow,green,clear_hidden_only,1,93,6969,200,1
69,yellow,green,delay_0,1,93,6969,200,1
69,yellow,green,delay_1,1,93,6969,200,1
69,yellow,green,delay_2,1,93,6969,200,1
70,yellow,blue,baseline,1,65,7070,200,1
70,yellow,blue,no_reset,1,65,7070,200,1
70,yellow,blue,flush_planner,1,65,7070,200,1
70,yellow,blue,clear_hidden_only,1,65,7070,200,1
70,yellow,blue,delay_0,1,65,7070,200,1
70,yellow,blue,delay_1,1,65,7070,200,1
70,yellow,blue,delay_2,1,65,7070,200,1
71,magenta,yellow,baseline,0,200,7171,200,1
71,magenta,yellow,no_reset,0,200,7171,200,1
71,magenta,yellow,flush_planner,0,200,7171,200,1
71,magenta,yellow,clear_hidden_only,0,200,7171,200,1
71,magenta,yellow,delay_0,0,200,7171,200,1
71,magenta,yellow,delay_1,0,200,7171,200,1
71,magenta,yellow,delay_2,0,200,7171,200,1
72,blue,yellow,baseline,0,193,7272,200,1
72,blue,yellow,no_reset,0,193,7272,200,1
72,blue,yellow,flush_planner,0,193,7272,200,1
72,blue,yellow,clear_hidden_only,0,193,7272,200,1
72,blue,yellow,delay_0,0,193,7272,200,1
72,blue,yellow,delay_1,0,193,7272,200,1
72,blue,yellow,delay_2,0,193,7272,200,1
73,blue,magenta,baseline,1,43,7373,200,1
73,blue,magenta,no_reset,1,43,7373,200,1
73,blue,magenta,flush_planner,1,43,7373,200,1
73,blue,magenta,clear_hidden_only,1,43,7373,200,1
73,blue,magenta,delay_0,1,43,7373,200,1
73,blue,magenta,delay_1,1,43,7373,200,1
73,blue,magenta,delay_2,1,43,7373,200,1
74,green,yellow,baseline,1,90,7474,200,1
74,green,yellow,no_reset,1,90,7474,200,1
74,green,yellow,flush_planner,1,90,7474,200,1
74,green,yellow,clear_hidden_only,1,90,7474,200,1
74,green,yellow,delay_0,1,90,7474,200,1
74,green,yellow,delay_1,1,90,7474,200,1
74,green,yellow,delay_2,1,90,7474,200,1
75,green,yellow,baseline,1,68,7575,200,1
75,green,yellow,no_reset,1,68,7575,200,1
75,green,yellow,flush_planner,1,68,7575,200,1
75,green,yellow,clear_hidden_only,1,68,7575,200,1
75,green,yellow,delay_0,1,68,7575,200,1
75,green,yellow,delay_1,1,68,7575,200,1
75,green,yellow,delay_2,0,68,7575,200,1
76,magenta,blue,baseline,1,54,7676,200,1
76,magenta,blue,no_reset,1,54,7676,200,1
76,magenta,blue,flush_planner,1,54,7676,200,1
76,magenta,blue,clear_hidden_only,1,54,7676,200,1
76,magenta,blue,delay_0,1,54,7676,200,1
76,magenta,blue,delay_1,1,54,7676,200,1
76,magenta,blue,delay_2,1,54,7676,200,1
77,blue,magenta,baseline,1,57,7777,200,1
77,blue,magenta,no_reset,1,57,7777,200,1
77,blue,magenta,flush_planner,1,57,7777,200,1
77,blue,magenta,clear_hidden_only,1,57,7777,200,1
77,blue,magenta,delay_0,1,57,7777,200,1
77,blue,magenta,delay_1,1,57,7777,200,1
77,blue,magenta,delay_2,1,57,7777,200,1
78,yellow,magenta,baseline,0,108,7878,200,1
78,yellow,magenta,no_reset,0,108,7878,200,1
78,yellow,magenta,flush_planner,0,108,7878,200,1
78,yellow,magenta,clear_hidden_only,0,108,7878,200,1
78,yellow,magenta,delay_0,0,108,7878,200,1
78,yellow,magenta,delay_1,0,108,7878,200,1
78,yellow,magenta,delay_2,0,108,7878,200,1
79,green,yellow,baseline,1,200,7979,200,1
79,green,yellow,no_reset,0,200,7979,200,1
79,green,yellow,flush_planner,1,200,7979,200,1
79,green,yellow,clear_hidden_only,0,200,7979,200,1
79,green,yellow,delay_0,1,200,7979,200,1
79,green,yellow,delay_1,1,200,7979,200,1
79,green,yellow,delay_2,1,200,7979,200,1
80,magenta,yellow,baseline,1,93,8080,200,1
80,magenta,yellow,no_reset,1,93,8080,200,1
80,magenta,yellow,flush_planner,1,93,8080,200,1
80,magenta,yellow,clear_hidden_only,1,93,8080,200,1
80,magenta,yellow,delay_0,1,93,8080,200,1
80,magenta,yellow,delay_1,1,93,8080,200,1
80,magenta,yellow,delay_2,1,93,8080,200,1
81,blue,yellow,baseline,1,85,8181,200,1
81,blue,yellow,no_reset,1,85,8181,200,1
81,blue,yellow,flush_planner,1,85,8181,200,1
81,blue,yellow,clear_hidden_only,1,85,8181,200,1
81,blue,yellow,delay_0,1,85,8181,200,1
81,blue,yellow,delay_1,1,85,8181,200,1
81,blue,yellow,delay_2,1,85,8181,200,1
82,blue,yellow,baseline,1,152,8282,200,1
82,blue,yellow,no_reset,1,152,8282,200,1
82,blue,yellow,flush_planner,1,152,8282,200,1
82,blue,yellow,clear_hidden_only,1,152,8282,200,1
82,blue,yellow,delay_0,1,152,8282,200,1
82,blue,yellow,delay_1,1,152,8282,200,1
82,blue,yellow,delay_2,1,152,8282,200,1
83,green,magenta,baseline,1,78,8383,200,1
83,green,magenta,no_reset,1,78,8383,200,1
83,green,magenta,flush_planner,1,78,8383,200,1
83,green,magenta,clear_hidden_only,1,78,8383,200,1
83,green,magenta,delay_0,1,78,8383,200,1
83,green,magenta,delay_1,1,78,8383,200,1
83,green,magenta,delay_2,1,78,8383,200,1
84,green,yellow,baseline,1,55,8484,200,1
84,green,yellow,no_reset,1,55,8484,200,1
84,green,yellow,flush_planner,1,55,8484,200,1
84,green,yellow,clear_hidden_only,1,55,8484,200,1
84,green,yellow,delay_0,1,55,8484,200,1
84,green,yellow,delay_1,1,55,8484,200,1
84,green,yellow,delay_2,1,55,8484,200,1
85,blue,magenta,baseline,1,74,8585,200,1
85,blue,magenta,no_reset,1,74,8585,200,1
85,blue,magenta,flush_planner,1,74,8585,200,1
85,blue,magenta,clear_hidden_only,1,74,8585,200,1
85,blue,magenta,delay_0,1,74,8585,200,1
85,blue,magenta,delay_1,1,74,8585,200,1
85,blue,magenta,delay_2,1,74,8585,200,1
86,yellow,magenta,baseline,0,63,8686,200,1
86,yellow,magenta,no_reset,0,63,8686,200,1
86,yellow,magenta,flush_planner,0,63,8686,200,1
86,yellow,magenta,clear_hidden_only,0,63,8686,200,1
86,yellow,magenta,delay_0,0,63,8686,200,1
86,yellow,magenta,delay_1,0,63,8686,200,1
86,yellow,magenta,delay_2,0,63,8686,200,1
87,magenta,yellow,baseline,1,67,8787,200,1
87,magenta,yellow,no_reset,1,67,8787,200,1
87,magenta,yellow,flush_planner,1,67,8787,200,1
87,magenta,yellow,clear_hidden_only,1,67,8787,200,1
87,magenta,yellow,delay_0,1,67,8787,200,1
87,magenta,yellow,delay_1,1,67,8787,200,1
87,magenta,yellow,delay_2,1,67,8787,200,1
88,green,blue,baseline,1,92,8888,200,1
88,green,blue,no_reset,1,92,8888,200,1
88,green,blue,flush_planner,1,92,8888,200,1
88,green,blue,clear_hidden_only,1,92,8888,200,1
88,green,blue,delay_0,1,92,8888,200,1
88,green,blue,delay_1,1,92,8888,200,1
88,green,blue,delay_2,1,92,8888,200,1
89,green,magenta,baseline,1,142,8989,200,1
89,green,magenta,no_reset,1,142,8989,200,1
89,green,magenta,flush_planner,1,142,8989,200,1
89,green,magenta,clear_hidden_only,1,142,8989,200,1
89,green,magenta,delay_0,1,142,8989,200,1
89,green,magenta,delay_1,1,142,8989,200,1
89,green,magenta,delay_2,1,142,8989,200,1
90,magenta,yellow,baseline,1,157,9090,200,1
90,magenta,yellow,no_reset,1,157,9090,200,1
90,magenta,yellow,flush_planner,1,157,9090,200,1
90,magenta,yellow,clear_hidden_only,1,157,9090,200,1
90,magenta,yellow,delay_0,1,157,9090,200,1
90,magenta,yellow,delay_1,1,157,9090,200,1
90,magenta,yellow,delay_2,1,157,9090,200,1
91,yellow,magenta,baseline,1,60,9191,200,1
91,yellow,magenta,no_reset,1,60,9191,200,1
91,yellow,magenta,flush_planner,1,60,9191,200,1
91,yellow,magenta,clear_hidden_only,1,60,9191,200,1
91,yellow,magenta,delay_0,1,60,9191,200,1
91,yellow,magenta,delay_1,1,60,9191,200,1
91,yellow,magenta,delay_2,1,60,9191,200,1
92,magenta,green,baseline,0,68,9292,200,1
92,magenta,green,no_reset,0,68,9292,200,1
92,magenta,green,flush_planner,0,68,9292,200,1
92,magenta,green,clear_hidden_only,0,68,9292,200,1
92,magenta,green,delay_0,0,68,9292,200,1
92,magenta,green,delay_1,0,68,9292,200,1
92,magenta,green,delay_2,0,68,9292,200,1
93,green,magenta,baseline,1,99,9393,200,1
93,green,magenta,no_reset,1,99,9393,200,1
93,green,magenta,flush_planner,1,99,9393,200,1
93,green,magenta,clear_hidden_only,1,99,9393,200,1
93,green,magenta,delay_0,1,99,9393,200,1
93,green,magenta,delay_1,1,99,9393,200,1
93,green,magenta,delay_2,1,99,9393,200,1
94,green,magenta,baseline,0,138,9494,200,1
94,green,magenta,no_reset,0,138,9494,200,1
94,green,magenta,flush_planner,0,138,9494,200,1
94,green,magenta,clear_hidden_only,0,138,9494,200,1
94,green,magenta,delay_0,0,138,9494,200,1
94,green,magenta,delay_1,0,138,9494,200,1
94,green,magenta,delay_2,0,138,9494,200,1
95,magenta,yellow,baseline,1,72,9595,200,1
95,magenta,yellow,no_reset,1,72,9595,200,1
95,magenta,yellow,flush_planner,1,72,9595,200,1
95,magenta,yellow,clear_hidden_only,1,72,9595,200,1
95,magenta,yellow,delay_0,1,72,9595,200,1
95,magenta,yellow,delay_1,1,72,9595,200,1
95,magenta,yellow,delay_2,1,72,9595,200,1
96,blue,green,baseline,1,58,9696,200,1
96,blue,green,no_reset,1,58,9696,200,1
96,blue,green,flush_planner,1,58,9696,200,1
96,blue,green,clear_hidden_only,1,58,9696,200,1
96,blue,green,delay_0,1,58,9696,200,1
96,blue,green,delay_1,1,58,9696,200,1
96,blue,green,delay_2,1,58,9696,200,1
97,yellow,magenta,baseline,1,114,9797,200,1
97,yellow,magenta,no_reset,1,114,9797,200,1
97,yellow,magenta,flush_planner,1,114,9797,200,1
97,yellow,magenta,clear_hidden_only,1,114,9797,200,1
97,yellow,magenta,delay_0,1,114,9797,200,1
97,yellow,magenta,delay_1,1,114,9797,200,1
97,yellow,magenta,delay_2,1,114,9797,200,1
98,blue,magenta,baseline,1,67,9898,200,1
98,blue,magenta,no_reset,1,67,9898,200,1
98,blue,magenta,flush_planner,1,67,9898,200,1
98,blue,magenta,clear_hidden_only,1,67,9898,200,1
98,blue,magenta,delay_0,1,67,9898,200,1
98,blue,magenta,delay_1,1,67,9898,200,1
98,blue,magenta,delay_2,1,67,9898,200,1
99,blue,magenta,baseline,1,104,9999,200,1
99,blue,magenta,no_reset,1,104,9999,200,1
99,blue,magenta,flush_planner,1,104,9999,200,1
99,blue,magenta,clear_hidden_only,1,104,9999,200,1
99,blue,magenta,delay_0,1,104,9999,200,1
99,blue,magenta,delay_1,1,104,9999,200,1
99,blue,magenta,delay_2,1,104,9999,200,1
100,green,yellow,baseline,1,114,10100,200,1
100,green,yellow,no_reset,1,114,10100,200,1
100,green,yellow,flush_planner,1,114,10100,200,1
100,green,yellow,clear_hidden_only,1,114,10100,200,1
100,green,yellow,delay_0,1,114,10100,200,1
100,green,yellow,delay_1,1,114,10100,200,1
100,green,yellow,delay_2,1,114,10100,200,1
101,blue,green,baseline,1,179,10201,200,1
101,blue,green,no_reset,1,179,10201,200,1
101,blue,green,flush_planner,1,179,10201,200,1
101,blue,green,clear_hidden_only,1,179,10201,200,1
101,blue,green,delay_0,1,179,10201,200,1
101,blue,green,delay_1,1,179,10201,200,1
101,blue,green,delay_2,1,179,10201,200,1
102,magenta,yellow,baseline,1,55,10302,200,1
102,magenta,yellow,no_reset,1,55,10302,200,1
102,magenta,yellow,flush_planner,1,55,10302,200,1
102,magenta,yellow,clear_hidden_only,1,55,10302,200,1
102,magenta,yellow,delay_0,1,55,10302,200,1
102,magenta,yellow,delay_1,1,55,10302,200,1
102,magenta,yellow,delay_2,1,55,10302,200,1
103,green,magenta,baseline,1,144,10403,200,1
103,green,magenta,no_reset,1,144,10403,200,1
103,green,magenta,flush_planner,1,144,10403,200,1
103,green,magenta,clear_hidden_only,1,144,10403,200,1
103,green,magenta,delay_0,1,144,10403,200,1
103,green,magenta,delay_1,1,144,10403,200,1
103,green,magenta,delay_2,1,144,10403,200,1
104,magenta,green,baseline,0,46,10504,200,1
104,magenta,green,no_reset,0,46,10504,200,1
104,magenta,green,flush_planner,0,46,10504,200,1
104,magenta,green,clear_hidden_only,0,46,10504,200,1
104,magenta,green,delay_0,0,46,10504,200,1
104,magenta,green,delay_1,0,46,10504,200,1
104,magenta,green,delay_2,0,46,10504,200,1
105,blue,yellow,baseline,1,200,10605,200,1
105,blue,yellow,no_reset,0,200,10605,200,1
105,blue,yellow,flush_planner,1,200,10605,200,1
105,blue,yellow,clear_hidden_only,0,200,10605,200,1
105,blue,yellow,delay_0,1,200,10605,200,1
105,blue,yellow,delay_1,1,200,10605,200,1
105,blue,yellow,delay_2,1,200,10605,200,1
106,yellow,blue,baseline,1,132,10706,200,1
106,yellow,blue,no_reset,1,132,10706,200,1
106,yellow,blue,flush_planner,1,132,10706,200,1
106,yellow,blue,clear_hidden_only,1,132,10706,200,1
106,yellow,blue,delay_0,1,132,10706,200,1
106,yellow,blue,delay_1,1,132,10706,200,1
106,yellow,blue,delay_2,1,132,10706,200,1
107,green,magenta,baseline,1,105,10807,200,1
107,green,magenta,no_reset,1,105,10807,200,1
107,green,magenta,flush_planner,1,105,10807,200,1
107,green,magenta,clear_hidden_only,1,105,10807,200,1
107,green,magenta,delay_0,1,105,10807,200,1
107,green,magenta,delay_1,1,105,10807,200,1
107,green,magenta,delay_2,1,105,10807,200,1
108,yellow,green,baseline,1,63,10908,200,1
108,yellow,green,no_reset,1,63,10908,200,1
108,yellow,green,flush_planner,1,63,10908,200,1
108,yellow,green,clear_hidden_only,1,63,10908,200,1
108,yellow,green,delay_0,1,63,10908,200,1
108,yellow,green,delay_1,1,63,10908,200,1
108,yellow,green,delay_2,1,63,10908,200,1
109,magenta,yellow,baseline,0,112,11009,200,1
109,magenta,yellow,no_reset,0,112,11009,200,1
109,magenta,yellow,flush_planner,0,112,11009,200,1
109,magenta,yellow,clear_hidden_only,0,112,11009,200,1
109,magenta,yellow,delay_0,0,112,11009,200,1
109,magenta,yellow,delay_1,0,112,11009,200,1
109,magenta,yellow,delay_2,0,112,11009,200,1
110,green,yellow,baseline,1,76,11110,200,1
110,green,yellow,no_reset,1,76,11110,200,1
110,green,yellow,flush_planner,1,76,11110,200,1
110,green,yellow,clear_hidden_only,1,76,11110,200,1
110,green,yellow,delay_0,1,76,11110,200,1
110,green,yellow,delay_1,1,76,11110,200,1
110,green,yellow,delay_2,1,76,11110,200,1
111,yellow,green,baseline,1,80,11211,200,1
111,yellow,green,no_reset,1,80,11211,200,1
111,yellow,green,flush_planner,1,80,11211,200,1
111,yellow,green,clear_hidden_only,1,80,11211,200,1
111,yellow,green,delay_0,1,80,11211,200,1
111,yellow,green,delay_1,1,80,11211,200,1
111,yellow,green,delay_2,1,80,11211,200,1
112,magenta,yellow,baseline,1,200,11312,200,1
112,magenta,yellow,no_reset,0,200,11312,200,1
112,magenta,yellow,flush_planner,1,200,11312,200,1
112,magenta,yellow,clear_hidden_only,0,200,11312,200,1
112,magenta,yellow,delay_0,1,200,11312,200,1
112,magenta,yellow,delay_1,1,200,11312,200,1
112,magenta,yellow,delay_2,1,200,11312,200,1
113,blue,green,baseline,1,61,11413,200,1
113,blue,green,no_reset,1,61,11413,200,1
113,blue,green,flush_planner,1,61,11413,200,1
113,blue,green,clear_hidden_only,1,61,11413,200,1
113,blue,green,delay_0,1,61,11413,200,1
113,blue,green,delay_1,1,61,11413,200,1
113,blue,green,delay_2,1,61,11413,200,1
114,green,magenta,baseline,1,107,11514,200,1
114,green,magenta,no_reset,1,107,11514,200,1
114,green,magenta,flush_planner,1,107,11514,200,1
114,green,magenta,clear_hidden_only,1,107,11514,200,1
114,green,magenta,delay_0,1,107,11514,200,1
114,green,magenta,delay_1,1,107,11514,200,1
114,green,magenta,delay_2,1,107,11514,200,1
115,green,yellow,baseline,1,67,11615,200,1
115,green,yellow,no_reset,1,67,11615,200,1
115,green,yellow,flush_planner,1,67,11615,200,1
115,green,yellow,clear_hidden_only,1,67,11615,200,1
115,green,yellow,delay_0,1,67,11615,200,1
115,green,yellow,delay_1,1,67,11615,200,1
115,green,yellow,delay_2,1,67,11615,200,1
116,magenta,yellow,baseline,1,56,11716,200,1
116,magenta,yellow,no_reset,1,56,11716,200,1
116,magenta,yellow,flush_planner,1,56,11716,200,1
116,magenta,yellow,clear_hidden_only,1,56,11716,200,1
116,magenta,yellow,delay_0,1,56,11716,200,1
116,magenta,yellow,delay_1,1,56,11716,200,1
116,magenta,yellow,delay_2,1,56,11716,200,1
117,blue,green,baseline,1,146,11817,200,1
117,blue,green,no_reset,1,146,11817,200,1
117,blue,green,flush_planner,1,146,11817,200,1
117,blue,green,clear_hidden_only,1,146,11817,200,1
117,blue,green,delay_0,1,146,11817,200,1
117,blue,green,delay_1,1,146,11817,200,1
117,blue,green,delay_2,1,146,11817,200,1
118,blue,magenta,baseline,1,88,11918,200,1
118,blue,magenta,no_reset,1,88,11918,200,1
118,blue,magenta,flush_planner,1,88,11918,200,1
118,blue,magenta,clear_hidden_only,1,88,11918,200,1
118,blue,magenta,delay_0,1,88,11918,200,1
118,blue,magenta,delay_1,1,88,11918,200,1
118,blue,magenta,delay_2,1,88,11918,200,1
119,yellow,green,baseline,0,51,12019,200,1
119,yellow,green,no_reset,0,51,12019,200,1
119,yellow,green,flush_planner,0,51,12019,200,1
119,yellow,green,clear_hidden_only,0,51,12019,200,1
119,yellow,green,delay_0,0,51,12019,200,1
119,yellow,green,delay_1,0,51,12019,200,1
119,yellow,green,delay_2,0,51,12019,200,1
120,yellow,blue,baseline,0,108,12120,200,1
120,yellow,blue,no_reset,0,108,12120,200,1
120,yellow,blue,flush_planner,0,108,12120,200,1
120,yellow,blue,clear_hidden_only,0,108,12120,200,1
120,yellow,blue,delay_0,0,108,12120,200,1
120,yellow,blue,delay_1,0,108,12120,200,1
120,yellow,blue,delay_2,0,108,12120,200,1
121,green,yellow,baseline,1,41,12221,200,1
121,green,yellow,no_reset,1,41,12221,200,1
121,green,yellow,flush_planner,1,41,12221,200,1
121,green,yellow,clear_hidden_only,1,41,12221,200,1
121,green,yellow,delay_0,1,41,12221,200,1
121,green,yellow,delay_1,1,41,12221,200,1
121,green,yellow,delay_2,1,41,12221,200,1
122,magenta,yellow,baseline,0,146,12322,200,1
122,magenta,yellow,no_reset,0,146,12322,200,1
122,magenta,yellow,flush_planner,0,146,12322,200,1
122,magenta,yellow,clear_hidden_only,0,146,12322,200,1
122,magenta,yellow,delay_0,0,146,12322,200,1
122,magenta,yellow,delay_1,0,146,12322,200,1
122,magenta,yellow,delay_2,0,146,12322,200,1
123,green,yellow,baseline,1,103,12423,200,1
123,green,yellow,no_reset,1,103,12423,200,1
123,green,yellow,flush_planner,1,103,12423,200,1
123,green,yellow,clear_hidden_only,1,103,12423,200,1
123,green,yellow,delay_0,1,103,12423,200,1
123,green,yellow,delay_1,1,103,12423,200,1
123,green,yellow,delay_2,1,103,12423,200,1
124,magenta,green,baseline,1,42,12524,200,1
124,magenta,green,no_reset,1,42,12524,200,1
124,magenta,green,flush_planner,1,42,12524,200,1
124,magenta,green,clear_hidden_only,1,42,12524,200,1
124,magenta,green,delay_0,1,42,12524,200,1
124,magenta,green,delay_1,1,42,12524,200,1
124,magenta,green,delay_2,1,42,12524,200,1
125,blue,green,baseline,1,157,12625,200,1
125,blue,green,no_reset,1,157,12625,200,1
125,blue,green,flush_planner,1,157,12625,200,1
125,blue,green,clear_hidden_only,1,157,12625,200,1
125,blue,green,delay_0,1,157,12625,200,1
125,blue,green,delay_1,1,157,12625,200,1
125,blue,green,delay_2,1,157,12625,200,1
126,green,magenta,baseline,1,148,12726,200,1
126,green,magenta,no_reset,1,148,12726,200,1
126,green,magenta,flush_planner,1,148,12726,200,1
126,green,magenta,clear_hidden_only,0,148,12726,200,1
126,green,magenta,delay_0,1,148,12726,200,1
126,green,magenta,delay_1,1,148,12726,200,1
126,green,magenta,delay_2,1,148,12726,200,1
127,green,blue,baseline,0,75,12827,200,1
127,green,blue,no_reset,0,75,12827,200,1
127,green,blue,flush_planner,0,75,12827,200,1
127,green,blue,clear_hidden_only,0,75,12827,200,1
127,green,blue,delay_0,0,75,12827,200,1
127,green,blue,delay_1,0,75,12827,200,1
127,green,blue,delay_2,0,75,12827,200,1
128,green,blue,baseline,1,187,12928,200,1
128,green,blue,no_reset,1,187,12928,200,1
128,green,blue,flush_planner,1,187,12928,200,1
128,green,blue,clear_hidden_only,1,187,12928,200,1
128,green,blue,delay_0,1,187,12928,200,1
128,green,blue,delay_1,1,187,12928,200,1
128,green,blue,delay_2,1,187,12928,200,1
129,magenta,green,baseline,1,122,13029,200,1
129,magenta,green,no_reset,1,122,13029,200,1
129,magenta,green,flush_planner,1,122,13029,200,1
129,magenta,green,clear_hidden_only,1,122,13029,200,1
129,magenta,green,delay_0,1,122,13029,200,1
129,magenta,green,delay_1,1,122,13029,200,1
129,magenta,green,delay_2,1,122,13029,200,1
130,magenta,blue,baseline,1,200,13130,200,1
130,magenta,blue,no_reset,0,200,13130,200,1
130,magenta,blue,flush_planner,1,200,13130,200,1
130,magenta,blue,clear_hidden_only,0,200,13130,200,1
130,magenta,blue,delay_0,1,200,13130,200,1
130,magenta,blue,delay_1,1,200,13130,200,1
130,magenta,blue,delay_2,1,200,13130,200,1
131,magenta,blue,baseline,1,54,13231,200,1
131,magenta,blue,no_reset,1,54,13231,200,1
131,magenta,blue,flush_planner,1,54,13231,200,1
131,magenta,blue,clear_hidden_only,1,54,13231,200,1
131,magenta,blue,delay_0,1,54,13231,200,1
131,magenta,blue,delay_1,1,54,13231,200,1
131,magenta,blue,delay_2,1,54,13231,200,1
132,magenta,yellow,baseline,1,46,13332,200,1
132,magenta,yellow,no_reset,0,46,13332,200,1
132,magenta,yellow,flush_planner,0,46,13332,200,1
132,magenta,yellow,clear_hidden_only,0,46,13332,200,1
132,magenta,yellow,delay_0,1,46,13332,200,1
132,magenta,yellow,delay_1,0,46,13332,200,1
132,magenta,yellow,delay_2,0,46,13332,200,1
133,green,yellow,baseline,1,200,13433,200,1
133,green,yellow,no_reset,1,200,13433,200,1
133,green,yellow,flush_planner,1,200,13433,200,1
133,green,yellow,clear_hidden_only,1,200,13433,200,1
133,green,yellow,delay_0,1,200,13433,200,1
133,green,yellow,delay_1,1,200,13433,200,1
133,green,yellow,delay_2,1,200,13433,200,1
134,blue,green,baseline,0,161,13534,200,1
134,blue,green,no_reset,0,161,13534,200,1
134,blue,green,flush_planner,0,161,13534,200,1
134,blue,green,clear_hidden_only,0,161,13534,200,1
134,blue,green,delay_0,0,161,13534,200,1
134,blue,green,delay_1,0,161,13534,200,1
134,blue,green,delay_2,1,161,13534,200,1
135,blue,yellow,baseline,1,70,13635,200,1
135,blue,yellow,no_reset,1,70,13635,200,1
135,blue,yellow,flush_planner,1,70,13635,200,1
135,blue,yellow,clear_hidden_only,1,70,13635,200,1
135,blue,yellow,delay_0,1,70,13635,200,1
135,blue,yellow,delay_1,1,70,13635,200,1
135,blue,yellow,delay_2,1,70,13635,200,1
136,blue,magenta,baseline,1,70,13736,200,1
136,blue,magenta,no_reset,1,70,13736,200,1
136,blue,magenta,flush_planner,1,70,13736,200,1
136,blue,magenta,clear_hidden_only,1,70,13736,200,1
136,blue,magenta,delay_0,1,70,13736,200,1
136,blue,magenta,delay_1,1,70,13736,200,1
136,blue,magenta,delay_2,1,70,13736,200,1
137,magenta,blue,baseline,0,136,13837,200,1
137,magenta,blue,no_reset,1,136,13837,200,1
137,magenta,blue,flush_planner,0,136,13837,200,1
137,magenta,blue,clear_hidden_only,1,136,13837,200,1
137,magenta,blue,delay_0,0,136,13837,200,1
137,magenta,blue,delay_1,0,136,13837,200,1
137,magenta,blue,delay_2,0,136,13837,200,1
138,yellow,magenta,baseline,0,126,13938,200,1
138,yellow,magenta,no_reset,0,126,13938,200,1
138,yellow,magenta,flush_planner,0,126,13938,200,1
138,yellow,magenta,clear_hidden_only,1,126,13938,200,1
138,yellow,magenta,delay_0,1,126,13938,200,1
138,yellow,magenta,delay_1,1,126,13938,200,1
138,yellow,magenta,delay_2,1,126,13938,200,1
139,yellow,blue,baseline,1,108,14039,200,1
139,yellow,blue,no_reset,1,108,14039,200,1
139,yellow,blue,flush_planner,1,108,14039,200,1
139,yellow,blue,clear_hidden_only,1,108,14039,200,1
139,yellow,blue,delay_0,1,108,14039,200,1
139,yellow,blue,delay_1,1,108,14039,200,1
139,yellow,blue,delay_2,1,108,14039,200,1
140,green,yellow,baseline,1,88,14140,200,1
140,green,yellow,no_reset,1,88,14140,200,1
140,green,yellow,flush_planner,1,88,14140,200,1
140,green,yellow,clear_hidden_only,1,88,14140,200,1
140,green,yellow,delay_0,1,88,14140,200,1
140,green,yellow,delay_1,1,88,14140,200,1
140,green,yellow,delay_2,1,88,14140,200,1
141,green,yellow,baseline,1,200,14241,200,1
141,green,yellow,no_reset,1,200,14241,200,1
141,green,yellow,flush_planner,1,200,14241,200,1
141,green,yellow,clear_hidden_only,1,200,14241,200,1
141,green,yellow,delay_0,1,200,14241,200,1
141,green,yellow,delay_1,1,200,14241,200,1
141,green,yellow,delay_2,1,200,14241,200,1
142,green,magenta,baseline,0,166,14342,200,1
142,green,magenta,no_reset,0,166,14342,200,1
142,green,magenta,flush_planner,0,166,14342,200,1
142,green,magenta,clear_hidden_only,0,166,14342,200,1
142,green,magenta,delay_0,0,166,14342,200,1
142,green,magenta,delay_1,0,166,14342,200,1
142,green,magenta,delay_2,0,166,14342,200,1
143,magenta,green,baseline,1,95,14443,200,1
143,magenta,green,no_reset,0,95,14443,200,1
143,magenta,green,flush_planner,1,95,14443,200,1
143,magenta,green,clear_hidden_only,0,95,14443,200,1
143,magenta,green,delay_0,1,95,14443,200,1
143,magenta,green,delay_1,0,95,14443,200,1
143,magenta,green,delay_2,0,95,14443,200,1
144,magenta,blue,baseline,0,56,14544,200,1
144,magenta,blue,no_reset,0,56,14544,200,1
144,magenta,blue,flush_planner,0,56,14544,200,1
144,magenta,blue,clear_hidden_only,0,56,14544,200,1
144,magenta,blue,delay_0,0,56,14544,200,1
144,magenta,blue,delay_1,0,56,14544,200,1
144,magenta,blue,delay_2,0,56,14544,200,1
145,green,magenta,baseline,1,93,14645,200,1
145,green,magenta,no_reset,1,93,14645,200,1
145,green,magenta,flush_planner,1,93,14645,200,1
145,green,magenta,clear_hidden_only,1,93,14645,200,1
145,green,magenta,delay_0,1,93,14645,200,1
145,green,magenta,delay_1,1,93,14645,200,1
145,green,magenta,delay_2,1,93,14645,200,1
146,magenta,green,baseline,1,50,14746,200,1
146,magenta,green,no_reset,1,50,14746,200,1
146,magenta,green,flush_planner,1,50,14746,200,1
146,magenta,green,clear_hidden_only,1,50,14746,200,1
146,magenta,green,delay_0,1,50,14746,200,1
146,magenta,green,delay_1,1,50,14746,200,1
146,magenta,green,delay_2,1,50,14746,200,1
147,yellow,magenta,baseline,1,56,14847,200,1
147,yellow,magenta,no_reset,1,56,14847,200,1
147,yellow,magenta,flush_planner,1,56,14847,200,1
147,yellow,magenta,clear_hidden_only,1,56,14847,200,1
147,yellow,magenta,delay_0,1,56,14847,200,1
147,yellow,magenta,delay_1,1,56,14847,200,1
147,yellow,magenta,delay_2,1,56,14847,200,1
148,magenta,blue,baseline,1,53,14948,200,1
148,magenta,blue,no_reset,1,53,14948,200,1
148,magenta,blue,flush_planner,1,53,14948,200,1
148,magenta,blue,clear_hidden_only,1,53,14948,200,1
148,magenta,blue,delay_0,1,53,14948,200,1
148,magenta,blue,delay_1,1,53,14948,200,1
148,magenta,blue,delay_2,1,53,14948,200,1
149,magenta,yellow,baseline,1,50,15049,200,1
149,magenta,yellow,no_reset,1,50,15049,200,1
149,magenta,yellow,flush_planner,1,50,15049,200,1
149,magenta,yellow,clear_hidden_only,1,50,15049,200,1
149,magenta,yellow,delay_0,1,50,15049,200,1
149,magenta,yellow,delay_1,1,50,15049,200,1
149,magenta,yellow,delay_2,1,50,15049,200,1
150,green,blue,baseline,1,89,15150,200,1
150,green,blue,no_reset,1,89,15150,200,1
150,green,blue,flush_planner,1,89,15150,200,1
150,green,blue,clear_hidden_only,1,89,15150,200,1
150,green,blue,delay_0,1,89,15150,200,1
150,green,blue,delay_1,1,89,15150,200,1
150,green,blue,delay_2,1,89,15150,200,1
151,green,yellow,baseline,0,73,15251,200,1
151,green,yellow,no_reset,0,73,15251,200,1
151,green,yellow,flush_planner,0,73,15251,200,1
151,green,yellow,clear_hidden_only,0,73,15251,200,1
151,green,yellow,delay_0,0,73,15251,200,1
151,green,yellow,delay_1,0,73,15251,200,1
151,green,yellow,delay_2,0,73,15251,200,1
152,green,blue,baseline,1,72,15352,200,1
152,green,blue,no_reset,1,72,15352,200,1
152,green,blue,flush_planner,1,72,15352,200,1
152,green,blue,clear_hidden_only,1,72,15352,200,1
152,green,blue,delay_0,1,72,15352,200,1
152,green,blue,delay_1,1,72,15352,200,1
152,green,blue,delay_2,1,72,15352,200,1
153,blue,yellow,baseline,1,56,15453,200,1
153,blue,yellow,no_reset,1,56,15453,200,1
153,blue,yellow,flush_planner,1,56,15453,200,1
153,blue,yellow,clear_hidden_only,1,56,15453,200,1
153,blue,yellow,delay_0,1,56,15453,200,1
153,blue,yellow,delay_1,1,56,15453,200,1
153,blue,yellow,delay_2,1,56,15453,200,1
154,yellow,green,baseline,1,125,15554,200,1
154,yellow,green,no_reset,1,125,15554,200,1
154,yellow,green,flush_planner,1,125,15554,200,1
154,yellow,green,clear_hidden_only,1,125,15554,200,1
154,yellow,green,delay_0,1,125,15554,200,1
154,yellow,green,delay_1,1,125,15554,200,1
154,yellow,green,delay_2,1,125,15554,200,1
155,magenta,yellow,baseline,1,43,15655,200,1
155,magenta,yellow,no_reset,1,43,15655,200,1
155,magenta,yellow,flush_planner,1,43,15655,200,1
155,magenta,yellow,clear_hidden_only,1,43,15655,200,1
155,magenta,yellow,delay_0,1,43,15655,200,1
155,magenta,yellow,delay_1,1,43,15655,200,1
155,magenta,yellow,delay_2,1,43,15655,200,1
156,yellow,magenta,baseline,1,84,15756,200,1
156,yellow,magenta,no_reset,1,84,15756,200,1
156,yellow,magenta,flush_planner,1,84,15756,200,1
156,yellow,magenta,clear_hidden_only,1,84,15756,200,1
156,yellow,magenta,delay_0,1,84,15756,200,1
156,yellow,magenta,delay_1,1,84,15756,200,1
156,yellow,magenta,delay_2,1,84,15756,200,1
157,magenta,green,baseline,1,61,15857,200,1
157,magenta,green,no_reset,1,61,15857,200,1
157,magenta,green,flush_planner,1,61,15857,200,1
157,magenta,green,clear_hidden_only,1,61,15857,200,1
157,magenta,green,delay_0,1,61,15857,200,1
157,magenta,green,delay_1,1,61,15857,200,1
157,magenta,green,delay_2,1,61,15857,200,1
158,green,magenta,baseline,1,124,15958,200,1
158,green,magenta,no_reset,1,124,15958,200,1
158,green,magenta,flush_planner,1,124,15958,200,1
158,green,magenta,clear_hidden_only,1,124,15958,200,1
158,green,magenta,delay_0,1,124,15958,200,1
158,green,magenta,delay_1,1,124,15958,200,1
158,green,magenta,delay_2,1,124,15958,200,1
159,blue,green,baseline,1,77,16059,200,1
159,blue,green,no_reset,1,77,16059,200,1
159,blue,green,flush_planner,1,77,16059,200,1
159,blue,green,clear_hidden_only,1,77,16059,200,1
159,blue,green,delay_0,1,77,16059,200,1
159,blue,green,delay_1,1,77,16059,200,1
159,blue,green,delay_2,1,77,16059,200,1
160,blue,yellow,baseline,1,52,16160,200,1
160,blue,yellow,no_reset,1,52,16160,200,1
160,blue,yellow,flush_planner,1,52,16160,200,1
160,blue,yellow,clear_hidden_only,1,52,16160,200,1
160,blue,yellow,delay_0,1,52,16160,200,1
160,blue,yellow,delay_1,1,52,16160,200,1
160,blue,yellow,delay_2,1,52,16160,200,1
161,blue,yellow,baseline,1,97,16261,200,1
161,blue,yellow,no_reset,1,97,16261,200,1
161,blue,yellow,flush_planner,1,97,16261,200,1
161,blue,yellow,clear_hidden_only,1,97,16261,200,1
161,blue,yellow,delay_0,1,97,16261,200,1
161,blue,yellow,delay_1,1,97,16261,200,1
161,blue,yellow,delay_2,1,97,16261,200,1
162,blue,yellow,baseline,0,156,16362,200,1
162,blue,yellow,no_reset,0,156,16362,200,1
162,blue,yellow,flush_planner,0,156,16362,200,1
162,blue,yellow,clear_hidden_only,0,156,16362,200,1
162,blue,yellow,delay_0,0,156,16362,200,1
162,blue,yellow,delay_1,0,156,16362,200,1
162,blue,yellow,delay_2,0,156,16362,200,1
163,blue,magenta,baseline,1,86,16463,200,1
163,blue,magenta,no_reset,1,86,16463,200,1
163,blue,magenta,flush_planner,1,86,16463,200,1
163,blue,magenta,clear_hidden_only,1,86,16463,200,1
163,blue,magenta,delay_0,1,86,16463,200,1
163,blue,magenta,delay_1,1,86,16463,200,1
163,blue,magenta,delay_2,1,86,16463,200,1
164,yellow,magenta,baseline,1,50,16564,200,1
164,yellow,magenta,no_reset,1,50,16564,200,1
164,yellow,magenta,flush_planner,1,50,16564,200,1
164,yellow,magenta,clear_hidden_only,1,50,16564,200,1
164,yellow,magenta,delay_0,1,50,16564,200,1
164,yellow,magenta,delay_1,1,50,16564,200,1
164,yellow,magenta,delay_2,1,50,16564,200,1
165,green,blue,baseline,1,200,16665,200,1
165,green,blue,no_reset,0,200,16665,200,1
165,green,blue,flush_planner,1,200,16665,200,1
165,green,blue,clear_hidden_only,0,200,16665,200,1
165,green,blue,delay_0,1,200,16665,200,1
165,green,blue,delay_1,1,200,16665,200,1
165,green,blue,delay_2,1,200,16665,200,1
166,magenta,green,baseline,0,52,16766,200,1
166,magenta,green,no_reset,0,52,16766,200,1
166,magenta,green,flush_planner,0,52,16766,200,1
166,magenta,green,clear_hidden_only,1,52,16766,200,1
166,magenta,green,delay_0,0,52,16766,200,1
166,magenta,green,delay_1,0,52,16766,200,1
166,magenta,green,delay_2,0,52,16766,200,1
167,yellow,magenta,baseline,0,82,16867,200,1
167,yellow,magenta,no_reset,0,82,16867,200,1
167,yellow,magenta,flush_planner,0,82,16867,200,1
167,yellow,magenta,clear_hidden_only,0,82,16867,200,1
167,yellow,magenta,delay_0,0,82,16867,200,1
167,yellow,magenta,delay_1,0,82,16867,200,1
167,yellow,magenta,delay_2,0,82,16867,200,1
168,yellow,magenta,baseline,1,150,16968,200,1
168,yellow,magenta,no_reset,1,150,16968,200,1
168,yellow,magenta,flush_planner,1,150,16968,200,1
168,yellow,magenta,clear_hidden_only,1,150,16968,200,1
168,yellow,magenta,delay_0,1,150,16968,200,1
168,yellow,magenta,delay_1,1,150,16968,200,1
168,yellow,magenta,delay_2,1,150,16968,200,1
169,green,yellow,baseline,1,167,17069,200,1
169,green,yellow,no_reset,0,167,17069,200,1
169,green,yellow,flush_planner,1,167,17069,200,1
169,green,yellow,clear_hidden_only,0,167,17069,200,1
169,green,yellow,delay_0,1,167,17069,200,1
169,green,yellow,delay_1,1,167,17069,200,1
169,green,yellow,delay_2,1,167,17069,200,1
170,yellow,blue,baseline,0,113,17170,200,1
170,yellow,blue,no_reset,0,113,17170,200,1
170,yellow,blue,flush_planner,0,113,17170,200,1
170,yellow,blue,clear_hidden_only,0,113,17170,200,1
170,yellow,blue,delay_0,0,113,17170,200,1
170,yellow,blue,delay_1,0,113,17170,200,1
170,yellow,blue,delay_2,0,113,17170,200,1
171,yellow,magenta,baseline,1,61,17271,200,1
171,yellow,magenta,no_reset,1,61,17271,200,1
171,yellow,magenta,flush_planner,1,61,17271,200,1
171,yellow,magenta,clear_hidden_only,1,61,17271,200,1
171,yellow,magenta,delay_0,1,61,17271,200,1
171,yellow,magenta,delay_1,1,61,17271,200,1
171,yellow,magenta,delay_2,1,61,17271,200,1
172,yellow,green,baseline,0,55,17372,200,1
172,yellow,green,no_reset,0,55,17372,200,1
172,yellow,green,flush_planner,0,55,17372,200,1
172,yellow,green,clear_hidden_only,0,55,17372,200,1
172,yellow,green,delay_0,0,55,17372,200,1
172,yellow,green,delay_1,0,55,17372,200,1
172,yellow,green,delay_2,0,55,17372,200,1
173,green,blue,baseline,1,155,17473,200,1
173,green,blue,no_reset,1,155,17473,200,1
173,green,blue,flush_planner,1,155,17473,200,1
173,green,blue,clear_hidden_only,1,155,17473,200,1
173,green,blue,delay_0,1,155,17473,200,1
173,green,blue,delay_1,1,155,17473,200,1
173,green,blue,delay_2,1,155,17473,200,1
174,blue,magenta,baseline,1,48,17574,200,1
174,blue,magenta,no_reset,1,48,17574,200,1
174,blue,magenta,flush_planner,1,48,17574,200,1
174,blue,magenta,clear_hidden_only,1,48,17574,200,1
174,blue,magenta,delay_0,1,48,17574,200,1
174,blue,magenta,delay_1,1,48,17574,200,1
174,blue,magenta,delay_2,1,48,17574,200,1
175,blue,magenta,baseline,1,184,17675,200,1
175,blue,magenta,no_reset,1,184,17675,200,1
175,blue,magenta,flush_planner,1,184,17675,200,1
175,blue,magenta,clear_hidden_only,1,184,17675,200,1
175,blue,magenta,delay_0,1,184,17675,200,1
175,blue,magenta,delay_1,1,184,17675,200,1
175,blue,magenta,delay_2,1,184,17675,200,1
176,blue,magenta,baseline,1,132,17776,200,1
176,blue,magenta,no_reset,1,132,17776,200,1
176,blue,magenta,flush_planner,1,132,17776,200,1
176,blue,magenta,clear_hidden_only,1,132,17776,200,1
176,blue,magenta,delay_0,1,132,17776,200,1
176,blue,magenta,delay_1,1,132,17776,200,1
176,blue,magenta,delay_2,1,132,17776,200,1
177,yellow,magenta,baseline,1,71,17877,200,1
177,yellow,magenta,no_reset,1,71,17877,200,1
177,yellow,magenta,flush_planner,1,71,17877,200,1
177,yellow,magenta,clear_hidden_only,1,71,17877,200,1
177,yellow,magenta,delay_0,1,71,17877,200,1
177,yellow,magenta,delay_1,1,71,17877,200,1
177,yellow,magenta,delay_2,1,71,17877,200,1
178,yellow,magenta,baseline,0,200,17978,200,1
178,yellow,magenta,no_reset,1,200,17978,200,1
178,yellow,magenta,flush_planner,1,200,17978,200,1
178,yellow,magenta,clear_hidden_only,1,200,17978,200,1
178,yellow,magenta,delay_0,1,200,17978,200,1
178,yellow,magenta,delay_1,1,200,17978,200,1
178,yellow,magenta,delay_2,0,200,17978,200,1
179,magenta,yellow,baseline,1,149,18079,200,1
179,magenta,yellow,no_reset,1,149,18079,200,1
179,magenta,yellow,flush_planner,1,149,18079,200,1
179,magenta,yellow,clear_hidden_only,1,149,18079,200,1
179,magenta,yellow,delay_0,1,149,18079,200,1
179,magenta,yellow,delay_1,1,149,18079,200,1
179,magenta,yellow,delay_2,1,149,18079,200,1
180,yellow,magenta,baseline,1,60,18180,200,1
180,yellow,magenta,no_reset,1,60,18180,200,1
180,yellow,magenta,flush_planner,1,60,18180,200,1
180,yellow,magenta,clear_hidden_only,1,60,18180,200,1
180,yellow,magenta,delay_0,1,60,18180,200,1
180,yellow,magenta,delay_1,1,60,18180,200,1
180,yellow,magenta,delay_2,1,60,18180,200,1
181,magenta,green,baseline,0,61,18281,200,1
181,magenta,green,no_reset,0,61,18281,200,1
181,magenta,green,flush_planner,0,61,18281,200,1
181,magenta,green,clear_hidden_only,0,61,18281,200,1
181,magenta,green,delay_0,0,61,18281,200,1
181,magenta,green,delay_1,0,61,18281,200,1
181,magenta,green,delay_2,0,61,18281,200,1
182,yellow,green,baseline,1,53,18382,200,1
182,yellow,green,no_reset,1,53,18382,200,1
182,yellow,green,flush_planner,1,53,18382,200,1
182,yellow,green,clear_hidden_only,1,53,18382,200,1
182,yellow,green,delay_0,1,53,18382,200,1
182,yellow,green,delay_1,1,53,18382,200,1
182,yellow,green,delay_2,1,53,18382,200,1
183,green,magenta,baseline,1,57,18483,200,1
183,green,magenta,no_reset,1,57,18483,200,1
183,green,magenta,flush_planner,1,57,18483,200,1
183,green,magenta,clear_hidden_only,1,57,18483,200,1
183,green,magenta,delay_0,1,57,18483,200,1
183,green,magenta,delay_1,1,57,18483,200,1
183,green,magenta,delay_2,1,57,18483,200,1
184,green,magenta,baseline,0,146,18584,200,1
184,green,magenta,no_reset,0,146,18584,200,1
184,green,magenta,flush_planner,0,146,18584,200,1
184,green,magenta,clear_hidden_only,0,146,18584,200,1
184,green,magenta,delay_0,0,146,18584,200,1
184,green,magenta,delay_1,0,146,18584,200,1
184,green,magenta,delay_2,0,146,18584,200,1
185,magenta,green,baseline,0,136,18685,200,1
185,magenta,green,no_reset,0,136,18685,200,1
185,magenta,green,flush_planner,0,136,18685,200,1
185,magenta,green,clear_hidden_only,0,136,18685,200,1
185,magenta,green,delay_0,0,136,18685,200,1
185,magenta,green,delay_1,0,136,18685,200,1
185,magenta,green,delay_2,0,136,18685,200,1
186,yellow,blue,baseline,1,192,18786,200,1
186,yellow,blue,no_reset,1,192,18786,200,1
186,yellow,blue,flush_planner,1,192,18786,200,1
186,yellow,blue,clear_hidden_only,1,192,18786,200,1
186,yellow,blue,delay_0,1,192,18786,200,1
186,yellow,blue,delay_1,1,192,18786,200,1
186,yellow,blue,delay_2,1,192,18786,200,1
187,magenta,yellow,baseline,1,80,18887,200,1
187,magenta,yellow,no_reset,1,80,18887,200,1
187,magenta,yellow,flush_planner,1,80,18887,200,1
187,magenta,yellow,clear_hidden_only,1,80,18887,200,1
187,magenta,yellow,delay_0,1,80,18887,200,1
187,magenta,yellow,delay_1,1,80,18887,200,1
187,magenta,yellow,delay_2,1,80,18887,200,1
188,yellow,blue,baseline,1,85,18988,200,1
188,yellow,blue,no_reset,0,85,18988,200,1
188,yellow,blue,flush_planner,1,85,18988,200,1
188,yellow,blue,clear_hidden_only,0,85,18988,200,1
188,yellow,blue,delay_0,1,85,18988,200,1
188,yellow,blue,delay_1,0,85,18988,200,1
188,yellow,blue,delay_2,1,85,18988,200,1
189,yellow,blue,baseline,1,57,19089,200,1
189,yellow,blue,no_reset,1,57,19089,200,1
189,yellow,blue,flush_planner,1,57,19089,200,1
189,yellow,blue,clear_hidden_only,1,57,19089,200,1
189,yellow,blue,delay_0,1,57,19089,200,1
189,yellow,blue,delay_1,1,57,19089,200,1
189,yellow,blue,delay_2,1,57,19089,200,1
190,yellow,green,baseline,1,55,19190,200,1
190,yellow,green,no_reset,1,55,19190,200,1
190,yellow,green,flush_planner,1,55,19190,200,1
190,yellow,green,clear_hidden_only,1,55,19190,200,1
190,yellow,green,delay_0,1,55,19190,200,1
190,yellow,green,delay_1,1,55,19190,200,1
190,yellow,green,delay_2,1,55,19190,200,1
191,magenta,blue,baseline,1,135,19291,200,1
191,magenta,blue,no_reset,1,135,19291,200,1
191,magenta,blue,flush_planner,1,135,19291,200,1
191,magenta,blue,clear_hidden_only,1,135,19291,200,1
191,magenta,blue,delay_0,1,135,19291,200,1
191,magenta,blue,delay_1,1,135,19291,200,1
191,magenta,blue,delay_2,1,135,19291,200,1
192,magenta,blue,baseline,1,66,19392,200,1
192,magenta,blue,no_reset,1,66,19392,200,1
192,magenta,blue,flush_planner,1,66,19392,200,1
192,magenta,blue,clear_hidden_only,1,66,19392,200,1
192,magenta,blue,delay_0,1,66,19392,200,1
192,magenta,blue,delay_1,1,66,19392,200,1
192,magenta,blue,delay_2,1,66,19392,200,1
193,blue,green,baseline,1,124,19493,200,1
193,blue,green,no_reset,1,124,19493,200,1
193,blue,green,flush_planner,1,124,19493,200,1
193,blue,green,clear_hidden_only,1,124,19493,200,1
193,blue,green,delay_0,1,124,19493,200,1
193,blue,green,delay_1,1,124,19493,200,1
193,blue,green,delay_2,1,124,19493,200,1
194,yellow,magenta,baseline,1,70,19594,200,1
194,yellow,magenta,no_reset,1,70,19594,200,1
194,yellow,magenta,flush_planner,1,70,19594,200,1
194,yellow,magenta,clear_hidden_only,1,70,19594,200,1
194,yellow,magenta,delay_0,1,70,19594,200,1
194,yellow,magenta,delay_1,1,70,19594,200,1
194,yellow,magenta,delay_2,1,70,19594,200,1
195,green,yellow,baseline,1,200,19695,200,1
195,green,yellow,no_reset,0,200,19695,200,1
195,green,yellow,flush_planner,1,200,19695,200,1
195,green,yellow,clear_hidden_only,0,200,19695,200,1
195,green,yellow,delay_0,1,200,19695,200,1
195,green,yellow,delay_1,1,200,19695,200,1
195,green,yellow,delay_2,1,200,19695,200,1
196,blue,green,baseline,1,110,19796,200,1
196,blue,green,no_reset,1,110,19796,200,1
196,blue,green,flush_planner,1,110,19796,200,1
196,blue,green,clear_hidden_only,1,110,19796,200,1
196,blue,green,delay_0,1,110,19796,200,1
196,blue,green,delay_1,1,110,19796,200,1
196,blue,green,delay_2,1,110,19796,200,1
197,yellow,magenta,baseline,1,48,19897,200,1
197,yellow,magenta,no_reset,1,48,19897,200,1
197,yellow,magenta,flush_planner,1,48,19897,200,1
197,yellow,magenta,clear_hidden_only,1,48,19897,200,1
197,yellow,magenta,delay_0,1,48,19897,200,1
197,yellow,magenta,delay_1,1,48,19897,200,1
197,yellow,magenta,delay_2,1,48,19897,200,1
198,yellow,magenta,baseline,1,55,19998,200,1
198,yellow,magenta,no_reset,1,55,19998,200,1
198,yellow,magenta,flush_planner,1,55,19998,200,1
198,yellow,magenta,clear_hidden_only,1,55,19998,200,1
198,yellow,magenta,delay_0,1,55,19998,200,1
198,yellow,magenta,delay_1,1,55,19998,200,1
198,yellow,magenta,delay_2,1,55,19998,200,1
199,yellow,blue,baseline,1,74,20099,200,1
199,yellow,blue,no_reset,1,74,20099,200,1
199,yellow,blue,flush_planner,1,74,20099,200,1
199,yellow,blue,clear_hidden_only,1,74,20099,200,1
199,yellow,blue,delay_0,1,74,20099,200,1
199,yellow,blue,delay_1,1,74,20099,200,1
199,yellow,blue,delay_2,1,74,20099,200,1
