target,auroc,auprc,ece
"cell(0,0)_ch0",0.7032873806998939,0.05364034057786875,0.0919301110089686
"cell(0,0)_ch1",0.5232800871301506,0.09323465664842308,0.10632836435480851
"cell(0,0)_ch2",0.8570473876063183,0.12772692782724637,0.05265347316752369
"cell(0,0)_ch3",0.6342616249361266,0.06270670191175344,0.04881105901287075
"cell(0,0)_ch4",0.41776202006226215,0.08498219164343075,0.2074238473200613
"cell(0,0)_ch5",0.4619634690225265,0.1299367334356833,0.194792935273154
"cell(0,0)_ch6",0.6387440621017263,0.05727721896116568,0.06358817152787309
"cell(0,0)_ch7",0.74,0.11919484114078914,0.08532630828010221
"cell(0,0)_ch8",0.7539034132171387,0.15183262378651677,0.08883514334060036
"cell(0,0)_ch9",0.6396709535395667,0.07207964949633655,0.07970589766085816
"cell(0,0)_ch10",0.620551924473493,0.052583494114440035,0.06102950064590656
"cell(0,0)_ch11",0.6158424908424909,0.0498635858134142,0.09663818349812092
"cell(0,1)_ch0",0.7316636851520573,0.09137552899973622,0.05755590816277047
"cell(0,1)_ch1",0.8166316022588861,0.192397983652564,0.02703754190031987
"cell(0,1)_ch2",0.857051961823966,0.27683617451793674,0.03239942404394478
"cell(0,1)_ch3",0.845672575599583,0.14033719975355394,0.028156929633316372
"cell(0,1)_ch4",0.9036520677838802,0.4061637759994526,0.07082446704440577
"cell(0,1)_ch5",0.6037010976639459,0.5109833847882301,0.08570094956397949
"cell(0,1)_ch6",0.7932285368802903,0.069826396457513,0.08744616573809562
"cell(0,1)_ch7",0.8547097671185262,0.21570833401140957,0.03648501466250363
"cell(0,1)_ch8",0.8968082101497034,0.27819160087059724,0.03605575922359614
"cell(0,1)_ch9",0.794046432132175,0.14758269670391977,0.10929506839467928
"cell(0,1)_ch10",0.6403367003367003,0.040500629924734424,0.09009045811458638
"cell(0,1)_ch11",0.7287127814088599,0.15354625137617223,0.04383456384236605
"cell(0,2)_ch0",0.8305442003065917,0.20656626011372436,0.059323085579438085
"cell(0,2)_ch1",0.9343584305408271,0.49217379124907185,0.020118848102601186
"cell(0,2)_ch2",0.9395959595959595,0.4755349292158069,0.02980866230786094
"cell(0,2)_ch3",0.9337282692946518,0.5399306164472781,0.03768542086927969
"cell(0,2)_ch4",0.9636989247311828,0.8210532842035596,0.0365243651206421
"cell(0,2)_ch5",0.8787778928537803,0.22514255572743896,0.046525719460562234
"cell(0,2)_ch6",0.8270371183834835,0.26353221429058793,0.09250239551807594
"cell(0,2)_ch7",0.8466065747613998,0.4410216525614177,0.034573410043864085
"cell(0,2)_ch8",0.9208666434943806,0.42091499637967444,0.027283273200509637
"cell(0,2)_ch9",0.9747657610347973,0.8775151507754693,0.06647022997853404
"cell(0,2)_ch10",0.7322400241837969,0.11591911523474392,0.031821891786967496
"cell(0,2)_ch11",0.734821493492329,0.19385518570306387,0.049198127148633496
"cell(0,3)_ch0",0.810763520678685,0.2912489279007273,0.034213579988832614
"cell(0,3)_ch1",0.9166956320240991,0.4715597540258769,0.01821842184030971
"cell(0,3)_ch2",0.8652273888605007,0.33309701455892965,0.032247885177987344
"cell(0,3)_ch3",0.9262936221419976,0.48533808104312737,0.009389364777237112
"cell(0,3)_ch4",0.8839069526115532,0.40989641801494253,0.030929734539095772
"cell(0,3)_ch5",0.9015068990559186,0.24284515686061203,0.042596657305951184
"cell(0,3)_ch6",0.7286568486324881,0.14856063906647768,0.09470744533452302
"cell(0,3)_ch7",0.9643311022621368,0.5998501306913223,0.020017073092984016
"cell(0,3)_ch8",0.965297605974083,0.6451190754655852,0.04912508297537649
"cell(0,3)_ch9",0.7833611177264428,0.5490040768936487,0.06741145096184702
"cell(0,3)_ch10",0.804131227217497,0.21588107108168006,0.032783656620472335
"cell(0,3)_ch11",0.6557264050901378,0.11342838221354094,0.06522937555933185
"cell(0,4)_ch0",0.7564238210399032,0.10022148946549947,0.034779718239575805
"cell(0,4)_ch1",0.9305134474327628,0.31370777886840506,0.031725275522283186
"cell(0,4)_ch2",0.8528559842428456,0.365156617428821,0.03410138561243089
"cell(0,4)_ch3",0.9489873035066505,0.45260390429959846,0.01663739401936917
"cell(0,4)_ch4",0.7826617179215271,0.18863305018531487,0.07935709829550168
"cell(0,4)_ch5",0.8644420468557336,0.385083392054983,0.03574514348329521
"cell(0,4)_ch6",0.8672350791717417,0.19927242985671995,0.03495728009675315
"cell(0,4)_ch7",0.8969015795868772,0.2027791485495694,0.03601206299514067
"cell(0,4)_ch8",0.9614968868903494,0.641128563758789,0.06111641852714719
"cell(0,4)_ch9",0.9381879272390221,0.3009659341041515,0.022486429627017905
"cell(0,4)_ch10",0.7751452432824981,0.12783475748226122,0.07615084923121664
"cell(0,4)_ch11",0.8512558535547041,0.47865930348667657,0.05830341154420283
"cell(0,5)_ch0",0.8355209605209606,0.16451960235787055,0.11827672769117324
"cell(0,5)_ch1",0.8086642599277978,0.04478249429153492,0.06851272079829925
"cell(0,5)_ch2",0.9454776188278726,0.8422748303874971,0.07226738515009457
"cell(0,5)_ch3",0.9758522727272727,0.4477712394989157,0.019581672350606268
"cell(0,5)_ch4",0.7433740831295844,0.12272332790269948,0.05304772192713571
"cell(0,5)_ch5",0.7022879201581772,0.09523513763886418,0.06342485955094222
"cell(0,5)_ch6",0.6450005793071487,0.10438193455244846,0.03149102699831666
"cell(0,5)_ch7",0.7738095238095238,0.27098826516635427,0.03679590852384163
"cell(0,5)_ch8",0.8834040296924709,0.5295979171667664,0.0234109879654478
"cell(0,5)_ch9",0.7224787363304982,0.13570916466190688,0.06465405820235383
"cell(0,5)_ch10",0.7127003699136868,0.22949788483114258,0.09972926218819102
"cell(0,5)_ch11",0.644889823939763,0.060222809856224725,0.06772039738718275
"cell(0,6)_ch0",0.6867623117623117,0.06644409105756839,0.04056148792332283
"cell(0,6)_ch1",0.7106643356643357,0.031900787496690945,0.056935355562166556
"cell(0,6)_ch2",0.5471954982755491,0.11099183281769344,0.07961594492119034
"cell(0,6)_ch3",0.7434370669962176,0.25722181707449865,0.09506674047314713
"cell(0,6)_ch4",0.6737373737373737,0.04021776426996443,0.10207276294237996
"cell(0,6)_ch5",0.709096459096459,0.156703401657294,0.05262236923557037
"cell(0,6)_ch6",0.6005555032482817,0.04132259745391874,0.13301576032956863
"cell(0,6)_ch7",0.6201484623541887,0.06983800454229733,0.13221442047281753
"cell(0,6)_ch8",0.8264188253905477,0.303173636385147,0.09744224645691388
"cell(0,6)_ch9",0.7575573026242941,0.07076925353061038,0.08680379431349484
"cell(0,6)_ch10",0.6792176039119805,0.05369873964790418,0.07515825125396057
"cell(0,6)_ch11",0.5530786918753193,0.09433613574989713,0.09565217219847313
"cell(1,0)_ch0",0.8575291622481441,0.23297067591897608,0.04090052060358066
"cell(1,0)_ch1",0.6667020148462354,0.080114091870233,0.09283954139212654
"cell(1,0)_ch2",0.7809060363804889,0.12918116947182517,0.036122471032021805
"cell(1,0)_ch3",0.7101010101010101,0.10630720079009913,0.043245425908062615
"cell(1,0)_ch4",0.9274989274989274,0.7083639196615342,0.06360661565829463
"cell(1,0)_ch5",0.7797010730710271,0.18377640305339638,0.03736824910866533
"cell(1,0)_ch6",0.8606768999671407,0.4031597770877303,0.0843715626531026
"cell(1,0)_ch7",0.8761369193154034,0.31001317373570925,0.03611980073252772
"cell(1,0)_ch8",0.8714230965763924,0.23751320374663212,0.04908455453950285
"cell(1,0)_ch9",0.7368786930830727,0.07234098833507649,0.03996491921282863
"cell(1,0)_ch10",0.8141534391534392,0.12810835707774276,0.055972896513117654
"cell(1,0)_ch11",0.8332548724225591,0.24609138845649983,0.051142637151580045
"cell(1,1)_ch0",0.9989144316730524,0.9902038196705878,0.025051233629711473
"cell(1,1)_ch1",1.0,0.9999999999999999,0.007563688960193497
"cell(1,1)_ch2",0.9999092229484386,0.9973055065647658,0.003016630229861851
"cell(1,1)_ch3",0.9996438746438746,0.9905913978494624,0.0026137864059196866
"cell(1,1)_ch4",0.9999491249491249,0.9983333333333333,0.004275406992949679
"cell(1,1)_ch5",1.0,1.0,0.0035990383945991235
"cell(1,1)_ch6",1.0,1.0,0.005661611030860724
"cell(1,1)_ch7",0.9978973105134474,0.9691422798216277,0.005812820583466666
"cell(1,1)_ch8",1.0,1.0,0.0020913281465609647
"cell(1,1)_ch9",0.9999469777306469,0.9981884057971013,0.004388510102523463
"cell(1,1)_ch10",1.0,1.0,0.001968120022201936
"cell(1,1)_ch11",0.9998722534491569,0.9949874686716791,0.004317151358655801
"cell(1,2)_ch0",0.9999790365183849,0.9997355896351139,0.0033112635775189594
"cell(1,2)_ch1",1.0,1.0,0.0021071677947066864
"cell(1,2)_ch2",1.0,1.0,0.0015856230525927697
"cell(1,2)_ch3",0.9999420692851351,0.9978354978354977,0.002218115937123714
"cell(1,2)_ch4",1.0,1.0,0.004159974574471457
"cell(1,2)_ch5",1.0,1.0,0.0017913999357226683
"cell(1,2)_ch6",1.0,1.0,0.004181872286119643
"cell(1,2)_ch7",0.9999420692851348,0.9978354978354977,0.005174201097299515
"cell(1,2)_ch8",0.9999999999999999,1.0,0.0011073913056064988
"cell(1,2)_ch9",0.9999446351456095,0.9980237154150198,0.008491569017366711
"cell(1,2)_ch10",1.0,1.0,0.0023376645923780448
"cell(1,2)_ch11",1.0,1.0,0.0030635985080596025
"cell(1,3)_ch0",0.9999864233735201,0.9998989898989898,0.005731379704526894
"cell(1,3)_ch1",1.0,1.0,0.0027785415002565634
"cell(1,3)_ch2",1.0,1.0,0.0020218882304792202
"cell(1,3)_ch3",1.0,1.0,0.0016804927607788603
"cell(1,3)_ch4",0.999925102048459,0.9991534822696206,0.015656669751548495
"cell(1,3)_ch5",1.0,1.0,0.0008599836916884751
"cell(1,3)_ch6",0.9974572127139364,0.9729870129870131,0.0026210758006687926
"cell(1,3)_ch7",1.0,1.0,0.005210897086167771
"cell(1,3)_ch8",1.0,1.0,0.002673543669619318
"cell(1,3)_ch9",0.9997306397306397,0.9885964912280703,0.005113874522167184
"cell(1,3)_ch10",1.0,1.0,0.0015753474721868358
"cell(1,3)_ch11",1.0,1.0,0.0027223489915108572
"cell(1,4)_ch0",1.0,1.0,0.004221965382963456
"cell(1,4)_ch1",0.9999614673242909,0.9990530303030303,0.005046159868505927
"cell(1,4)_ch2",1.0,1.0,0.0022397012008109674
"cell(1,4)_ch3",1.0,1.0,0.002480405469429849
"cell(1,4)_ch4",1.0,1.0000000000000002,0.002480846151622354
"cell(1,4)_ch5",1.0,1.0,0.0011886146497381877
"cell(1,4)_ch6",1.0,1.0,0.0028967332820572706
"cell(1,4)_ch7",0.998856222994154,0.971373566027348,0.010253868937141957
"cell(1,4)_ch8",1.0,0.9999999999999999,0.0013131698200747148
"cell(1,4)_ch9",0.999597423510467,0.9778223084105437,0.0041314380872403775
"cell(1,4)_ch10",1.0,1.0,0.0019868059565874376
"cell(1,4)_ch11",1.0,1.0,0.00324909319907785
"cell(1,5)_ch0",0.9995659722222222,0.9955414461035904,0.005624555322589201
"cell(1,5)_ch1",0.9999783811829817,0.9997175141242938,0.003775871857947842
"cell(1,5)_ch2",0.9998939554612937,0.9965217391304347,0.004601883576574459
"cell(1,5)_ch3",0.999194847020934,0.9733333333333333,0.0037462277665109
"cell(1,5)_ch4",1.0,1.0,0.003187476722085282
"cell(1,5)_ch5",1.0,1.0,0.0015239242333340449
"cell(1,5)_ch6",0.9996977025392987,0.9862253289473684,0.0040689713121645635
"cell(1,5)_ch7",0.9973926995587646,0.9367492492492492,0.004909313675944195
"cell(1,5)_ch8",1.0,1.0000000000000002,0.002468001218381693
"cell(1,5)_ch9",0.9983373639661427,0.9320870030704589,0.005232295756157632
"cell(1,5)_ch10",1.0,1.0,0.005067105069009973
"cell(1,5)_ch11",0.9999511002444987,0.9984615384615385,0.004032336191256915
"cell(1,6)_ch0",0.6287157771162635,0.12913594992773206,0.08635989963233029
"cell(1,6)_ch1",0.8800740635237145,0.257458279790017,0.028882202393606556
"cell(1,6)_ch2",0.7766245869694145,0.19112808904255418,0.0423621147295341
"cell(1,6)_ch3",0.9535495352976072,0.6634706454521765,0.05826992224562814
"cell(1,6)_ch4",0.7916157916157915,0.1258532406350589,0.043797869875950135
"cell(1,6)_ch5",0.9012195121951219,0.38034614950057116,0.025039607869202878
"cell(1,6)_ch6",0.8363968552762706,0.10536924374544641,0.05368492111208046
"cell(1,6)_ch7",0.8297985153764581,0.1994927086506032,0.05218250423806142
"cell(1,6)_ch8",0.9758004758004758,0.7843337380968491,0.029144051936473653
"cell(1,6)_ch9",0.7995227995758218,0.1749800074274346,0.03358749471385941
"cell(1,6)_ch10",0.6145498837338057,0.1963818933016308,0.09729116863167857
"cell(1,6)_ch11",0.8473400673400673,0.19558283344016786,0.03898132455738012
"cell(2,0)_ch0",0.8685185185185186,0.23355610655220962,0.05333211134957083
"cell(2,0)_ch1",0.7902716914986855,0.23095331983754133,0.053108295221786415
"cell(2,0)_ch2",0.6985538615973399,0.34865054657677297,0.10902041841185743
"cell(2,0)_ch3",0.7356501922803019,0.04809175767773273,0.0752265973224255
"cell(2,0)_ch4",0.7994132029339853,0.13651287064633544,0.09437337088162877
"cell(2,0)_ch5",0.6183987274655356,0.03841839838674393,0.10344642544000254
"cell(2,0)_ch6",0.8396080168309157,0.13110172780696774,0.042633772799491994
"cell(2,0)_ch7",0.9754192952761964,0.8086726045286485,0.049304438594745106
"cell(2,0)_ch8",0.5553481221172853,0.1714232101343438,0.10954745887399003
"cell(2,0)_ch9",0.832522303325223,0.18390574184992206,0.07561330849548828
"cell(2,0)_ch10",0.8759859772129711,0.30126012202297975,0.0424023137321844
"cell(2,0)_ch11",0.8114355231143552,0.1892791503947497,0.03785587315421574
"cell(2,1)_ch0",1.0,0.9999999999999999,0.006903964738950582
"cell(2,1)_ch1",1.0,0.9999999999999999,0.0034316975531366845
"cell(2,1)_ch2",1.0,1.0,0.002095591110570683
"cell(2,1)_ch3",0.999826207855405,0.9931869717584003,0.006006024861595758
"cell(2,1)_ch4",0.9998044009779951,0.9934557413600893,0.003067992326619874
"cell(2,1)_ch5",1.0,1.0,0.0011761929583601653
"cell(2,1)_ch6",1.0,1.0,0.0019841649931028665
"cell(2,1)_ch7",0.9998634998634999,0.9984807078563647,0.006950646033192486
"cell(2,1)_ch8",1.0,0.9999999999999999,0.0019111841389075888
"cell(2,1)_ch9",1.0,1.0,0.004759291234225092
"cell(2,1)_ch10",1.0,0.9999999999999999,0.0021230708042267806
"cell(2,1)_ch11",1.0,1.0000000000000002,0.0014605289702766455
"cell(2,2)_ch0",1.0,1.0,0.0021554917613507423
"cell(2,2)_ch1",1.0,1.0,0.00303271330875695
"cell(2,2)_ch2",1.0,1.0,0.001839872667435229
"cell(2,2)_ch3",1.0,1.0,0.00284069717794659
"cell(2,2)_ch4",1.0,1.0,0.0026776360719622293
"cell(2,2)_ch5",1.0,1.0,0.0009477151666176781
"cell(2,2)_ch6",1.0,1.0,0.0022445203388776346
"cell(2,2)_ch7",1.0,1.0,0.0026798128589518105
"cell(2,2)_ch8",1.0,1.0,0.005257043296001666
"cell(2,2)_ch9",1.0,1.0,0.0023981336816701207
"cell(2,2)_ch10",0.9999999999999999,1.0,0.0008756871714451691
"cell(2,2)_ch11",1.0,1.0,0.0018368088639276903
"cell(2,3)_ch0",1.0,1.0000000000000002,0.0007621605487809326
"cell(2,3)_ch1",1.0,1.0,0.0004672022427780683
"cell(2,3)_ch2",1.0,0.9999999999999999,0.0003563505545129667
"cell(2,3)_ch3",1.0,1.0,0.0005410676507362325
"cell(2,3)_ch4",1.0,1.0,0.001219954290928834
"cell(2,3)_ch5",1.0,1.0,0.0014231334565110137
"cell(2,3)_ch6",1.0,1.0,0.0010761617269235985
"cell(2,3)_ch7",1.0,1.0,0.001085003366864735
"cell(2,3)_ch8",1.0,1.0,0.0003329627490278143
"cell(2,3)_ch9",1.0,0.9999999999999999,0.00043990456170133716
"cell(2,3)_ch10",1.0,1.0,0.00039232613854272636
"cell(2,3)_ch11",1.0,1.0,0.0007425637828396748
"cell(2,4)_ch0",1.0,1.0,0.003172291764782682
"cell(2,4)_ch1",1.0,0.9999999999999999,0.005049338579855252
"cell(2,4)_ch2",1.0,1.0,0.0021950582152470213
"cell(2,4)_ch3",1.0,1.0,0.0023435143971773133
"cell(2,4)_ch4",1.0,1.0,0.0005744596389254653
"cell(2,4)_ch5",1.0,0.9999999999999999,0.0010596509705870748
"cell(2,4)_ch6",1.0,1.0,0.0035714625579153503
"cell(2,4)_ch7",0.9998305515546895,0.9958202716823407,0.004775915598204791
"cell(2,4)_ch8",1.0,1.0,0.0015423008987583231
"cell(2,4)_ch9",0.9997175407212128,0.9920227920227921,0.005089695202590581
"cell(2,4)_ch10",1.0,1.0,0.0013548317748339027
"cell(2,4)_ch11",1.0,1.0,0.0023248747699716457
"cell(2,5)_ch0",1.0,0.9999999999999999,0.0017001725526136625
"cell(2,5)_ch1",0.9999863032461307,0.9998969284683571,0.005361110507436645
"cell(2,5)_ch2",1.0,1.0,0.006358429390871619
"cell(2,5)_ch3",1.0,1.0,0.0017557073148649631
"cell(2,5)_ch4",1.0,1.0,0.0037509750439716624
"cell(2,5)_ch5",1.0,1.0,0.0011995482438497834
"cell(2,5)_ch6",1.0,1.0,0.0021428101550374458
"cell(2,5)_ch7",0.9985051489314584,0.9554513232725306,0.009647647584091893
"cell(2,5)_ch8",1.0,1.0000000000000002,0.001856119371116188
"cell(2,5)_ch9",0.9995017163104861,0.9843097643097642,0.00628306536561838
"cell(2,5)_ch10",0.9999999999999999,1.0,0.003316134789118492
"cell(2,5)_ch11",1.0,0.9999999999999999,0.0008967536750392603
"cell(2,6)_ch0",0.8571081409477521,0.2869014433447604,0.03305099998501508
"cell(2,6)_ch1",0.8554349705984088,0.33636994771014594,0.12917457801828872
"cell(2,6)_ch2",0.919327373350362,0.7314720283152998,0.07355016817841516
"cell(2,6)_ch3",0.97573055028463,0.823944186241962,0.018036904214629494
"cell(2,6)_ch4",0.8391553915539155,0.3527705473834939,0.03162749876349491
"cell(2,6)_ch5",0.9204665959703074,0.4586252771121122,0.023003061487615457
"cell(2,6)_ch6",0.8238290333296423,0.27301437415241375,0.045523237825005405
"cell(2,6)_ch7",0.886574074074074,0.3024980190085501,0.02904599694185507
"cell(2,6)_ch8",0.9472830494728304,0.7793439607169845,0.011957518599139697
"cell(2,6)_ch9",0.7911425124935378,0.04716284368030027,0.036502108139096975
"cell(2,6)_ch10",0.6740823136818687,0.17956148181462434,0.060770692350933075
"cell(2,6)_ch11",0.9204777721001534,0.36321976403484235,0.02472145153720839
"cell(3,0)_ch0",0.8448938897592935,0.2966195011693582,0.031964538517471976
"cell(3,0)_ch1",0.7318955042527339,0.08472082527772881,0.032332997029125794
"cell(3,0)_ch2",0.818908585331943,0.20490241949775911,0.07787097578749774
"cell(3,0)_ch3",0.8776177658142665,0.6512595810637797,0.06884449788708519
"cell(3,0)_ch4",0.8108676599474146,0.2784417874110459,0.03204335889826477
"cell(3,0)_ch5",0.7911982626469085,0.10229406829198491,0.06734601703148009
"cell(3,0)_ch6",0.8435601458080194,0.3629067709612997,0.03650969652942423
"cell(3,0)_ch7",0.9544957472660995,0.6756351337589669,0.015447851480766543
"cell(3,0)_ch8",0.9117826617826618,0.4904983375345823,0.026686522712242654
"cell(3,0)_ch9",0.8887110441578006,0.28946907129783883,0.03396297874603096
"cell(3,0)_ch10",0.7354302832244008,0.22916975105192078,0.03808173208657945
"cell(3,0)_ch11",0.9274911745827985,0.5057365653083109,0.07583781513672523
"cell(3,1)_ch0",0.9999999999999999,1.0,0.0038211804234440944
"cell(3,1)_ch1",1.0,1.0,0.0020457150611366192
"cell(3,1)_ch2",1.0,1.0,0.0017240288422644592
"cell(3,1)_ch3",0.9998638344226579,0.9962962962962962,0.006828046764064624
"cell(3,1)_ch4",0.9997646172676772,0.9926324316708932,0.004045742665165311
"cell(3,1)_ch5",1.0,1.0,0.0007591249033843239
"cell(3,1)_ch6",1.0,1.0000000000000002,0.003869043489903988
"cell(3,1)_ch7",1.0,1.0,0.018773406517289343
"cell(3,1)_ch8",1.0,1.0,0.002167690132022157
"cell(3,1)_ch9",1.0,1.0,0.006476221226315312
"cell(3,1)_ch10",1.0,1.0,0.0016401545060435539
"cell(3,1)_ch11",1.0,1.0,0.0027854465326627876
"cell(3,2)_ch0",1.0,1.0,0.0006031209493272277
"cell(3,2)_ch1",1.0,0.9999999999999998,0.00037443157131302146
"cell(3,2)_ch2",1.0,1.0,0.0005341607380533885
"cell(3,2)_ch3",1.0,0.9999999999999999,0.0017644690776016678
"cell(3,2)_ch4",1.0,1.0,0.0005254486120506938
"cell(3,2)_ch5",1.0,1.0,0.0002720989797875353
"cell(3,2)_ch6",0.9999999999999999,1.0,0.000547610661396404
"cell(3,2)_ch7",1.0,1.0,0.0012052445338029748
"cell(3,2)_ch8",1.0,1.0,0.00043853751521479473
"cell(3,2)_ch9",1.0,1.0,0.0013234408330239267
"cell(3,2)_ch10",1.0,1.0,0.0003930479609534849
"cell(3,2)_ch11",1.0,1.0,0.00021089719837374168
"cell(3,3)_ch0",1.0,0.9999999999999999,0.0044832268398719045
"cell(3,3)_ch1",1.0,1.0,0.0047190066045585885
"cell(3,3)_ch2",1.0,1.0,0.0016373189819317952
"cell(3,3)_ch3",0.9999999999999999,1.0,0.0031334130640470617
"cell(3,3)_ch4",0.9995510662177328,0.9919191919191919,0.004087583070384666
"cell(3,3)_ch5",1.0,1.0,0.0019730842656747777
"cell(3,3)_ch6",1.0,1.0,0.0018723547105198102
"cell(3,3)_ch7",1.0,1.0,0.0022690785404921305
"cell(3,3)_ch8",1.0,1.0,0.0028338999706650197
"cell(3,3)_ch9",0.9902694610778442,0.7821260560675883,0.0038459488951578446
"cell(3,3)_ch10",0.9641620037303491,0.5705304265681233,0.006044450867272618
"cell(3,3)_ch11",1.0,1.0,0.020358239179745618
"cell(3,4)_ch0",1.0,1.0,0.0006268374831038439
"cell(3,4)_ch1",1.0,0.9999999999999999,0.0008146868578290994
"cell(3,4)_ch2",1.0,1.0,0.0006236518912875937
"cell(3,4)_ch3",1.0,1.0,0.0005636057380140059
"cell(3,4)_ch4",1.0,1.0,0.0003020407896405736
"cell(3,4)_ch5",1.0,1.0,0.0006463153165020229
"cell(3,4)_ch6",1.0,1.0,0.00039599177547079684
"cell(3,4)_ch7",0.9999999999999999,1.0,0.0010708458551108848
"cell(3,4)_ch8",1.0,1.0,0.00033315003468236434
"cell(3,4)_ch9",1.0,1.0,0.0013949827830483403
"cell(3,4)_ch10",1.0,1.0,0.0004036096988906883
"cell(3,4)_ch11",0.9999999999999999,1.0,0.0008200441580210452
"cell(3,5)_ch0",1.0,1.0,0.0015185996940991233
"cell(3,5)_ch1",0.9999999999999999,1.0,0.010611520691813375
"cell(3,5)_ch2",1.0,1.0,0.0021931575746383966
"cell(3,5)_ch3",0.9999999999999999,1.0,0.0024531811993693505
"cell(3,5)_ch4",1.0,0.9999999999999999,0.0027368408801458403
"cell(3,5)_ch5",1.0,1.0,0.0008631121312794654
"cell(3,5)_ch6",0.9999999999999999,1.0,0.0023923700363383906
"cell(3,5)_ch7",0.9988220791672374,0.9847338202451338,0.016917824075341377
"cell(3,5)_ch8",1.0,1.0,0.0008205173933485006
"cell(3,5)_ch9",0.99985959563543,0.9982895663777143,0.0043027257905617075
"cell(3,5)_ch10",1.0,1.0000000000000002,0.0025438830604610266
"cell(3,5)_ch11",1.0,0.9999999999999999,0.0005539927207285357
"cell(3,6)_ch0",0.8753026634382566,0.28859123157871075,0.025680343502309806
"cell(3,6)_ch1",0.8939854191980559,0.388062893726451,0.02583949716873305
"cell(3,6)_ch2",0.8176792223572297,0.2363752310567851,0.025166411441874006
"cell(3,6)_ch3",0.7911178168459722,0.38040593357602903,0.10264961402903038
"cell(3,6)_ch4",0.8646483003593408,0.3401090476115213,0.08752500275951823
"cell(3,6)_ch5",0.9217668854069014,0.4835946195613498,0.07921809385385518
"cell(3,6)_ch6",0.938755163082182,0.49788786141453734,0.029249191502192566
"cell(3,6)_ch7",0.848510078878177,0.2732296022933561,0.04014203757419132
"cell(3,6)_ch8",0.9757457212713936,0.701269081542806,0.013341723971705648
"cell(3,6)_ch9",0.8953130929791271,0.42316337694281553,0.07857379084888146
"cell(3,6)_ch10",0.759129034991104,0.168415298038479,0.05786663448686083
"cell(3,6)_ch11",0.9685047720042418,0.6284278126891514,0.017274080341626554
"cell(4,0)_ch0",0.937681353511004,0.8220141279539627,0.027632328362240194
"cell(4,0)_ch1",0.7256038647342995,0.16451511586883058,0.10926961966386892
"cell(4,0)_ch2",0.8485153764581124,0.20766681433257472,0.07930747096742616
"cell(4,0)_ch3",0.7377920496069096,0.11729915389585988,0.07660314846038936
"cell(4,0)_ch4",0.8445661700262926,0.36377576321741995,0.03694422330082809
"cell(4,0)_ch5",0.6762311762311762,0.14045910414793986,0.04311382906874403
"cell(4,0)_ch6",0.8799683606881551,0.430176810972227,0.07433641414415734
"cell(4,0)_ch7",0.8986312399355877,0.20846596260993452,0.02398306056936178
"cell(4,0)_ch8",0.8384133314342685,0.2892720966383637,0.030248012798690025
"cell(4,0)_ch9",0.8241798298906441,0.22977274736309458,0.03092365424402904
"cell(4,0)_ch10",0.8399374348279457,0.2680972454274624,0.029622040038361122
"cell(4,0)_ch11",0.9204129416773095,0.5608281815029373,0.036645653634081995
"cell(4,1)_ch0",1.0,1.0,0.0028624025627006834
"cell(4,1)_ch1",1.0,1.0,0.0016828173962267028
"cell(4,1)_ch2",1.0,1.0,0.0021809955262984838
"cell(4,1)_ch3",1.0,1.0,0.006319870575525109
"cell(4,1)_ch4",0.9999179991799917,0.9978136200716846,0.0038332559092534263
"cell(4,1)_ch5",1.0,1.0,0.0015119386815665083
"cell(4,1)_ch6",1.0,1.0,0.0056129591986045
"cell(4,1)_ch7",0.9998784933171324,0.9954545454545455,0.004135614367554538
"cell(4,1)_ch8",1.0,1.0,0.0017712761025603537
"cell(4,1)_ch9",0.9995385325334564,0.9936134306530163,0.008512380664203035
"cell(4,1)_ch10",1.0,1.0,0.0021609972238628267
"cell(4,1)_ch11",1.0,1.0,0.00301385421876211
"cell(4,2)_ch0",1.0,1.0,0.0025403405316577433
"cell(4,2)_ch1",1.0,0.9999999999999998,0.0019101799187199117
"cell(4,2)_ch2",1.0,1.0,0.0014405450779171089
"cell(4,2)_ch3",0.9992358845153031,0.9905273937532002,0.017654649444101826
"cell(4,2)_ch4",0.9996678108736574,0.9902597402597403,0.0008718821676794584
"cell(4,2)_ch5",1.0,1.0,0.0005088335908335321
"cell(4,2)_ch6",1.0,1.0,0.0017342613448843825
"cell(4,2)_ch7",0.9999999999999999,1.0,0.0036443805822001566
"cell(4,2)_ch8",1.0,1.0,0.0006913639610933267
"cell(4,2)_ch9",1.0,0.9999999999999999,0.005226390779264656
"cell(4,2)_ch10",0.9999999999999999,1.0,0.0017314124799084445
"cell(4,2)_ch11",1.0,1.0,0.0005925115943260484
"cell(4,3)_ch0",1.0,1.0,0.0005074275270326465
"cell(4,3)_ch1",1.0,1.0,0.0007643247659675686
"cell(4,3)_ch2",1.0,1.0000000000000002,0.0006121046256930962
"cell(4,3)_ch3",1.0,1.0,0.0013572284125595879
"cell(4,3)_ch4",1.0,1.0,0.0005308348255122119
"cell(4,3)_ch5",0.9999999999999999,1.0,0.00014083427018615353
"cell(4,3)_ch6",0.9999999999999999,1.0,0.00048067806625705215
"cell(4,3)_ch7",1.0,1.0,0.0016107035937905853
"cell(4,3)_ch8",1.0,1.0,0.00028180517061752823
"cell(4,3)_ch9",1.0,1.0,0.0008675517454506924
"cell(4,3)_ch10",1.0,0.9999999999999999,0.000555618952571162
"cell(4,3)_ch11",1.0,1.0,0.0003094383776441913
"cell(4,4)_ch0",1.0,1.0,0.001287748625166586
"cell(4,4)_ch1",0.9999999999999999,1.0,0.0013862248696499505
"cell(4,4)_ch2",1.0,1.0,0.0017351586467707258
"cell(4,4)_ch3",1.0,1.0,0.002819284265933198
"cell(4,4)_ch4",1.0,1.0,0.0007091792642591432
"cell(4,4)_ch5",1.0,1.0,0.0016357584988332423
"cell(4,4)_ch6",1.0,1.0,0.0009071683741313513
"cell(4,4)_ch7",0.9998083801737353,0.992217385569186,0.004165249046911265
"cell(4,4)_ch8",1.0,1.0,0.0006229357551948666
"cell(4,4)_ch9",0.9999398267008986,0.9992674588865995,0.015025733557079608
"cell(4,4)_ch10",1.0,1.0,0.0011933927782876396
"cell(4,4)_ch11",1.0,1.0,0.0006869039135290993
"cell(4,5)_ch0",0.9999244256348246,0.9963235294117647,0.0032005253767869914
"cell(4,5)_ch1",0.9999999999999999,1.0,0.001753016072351041
"cell(4,5)_ch2",1.0,1.0,0.0033001184172993655
"cell(4,5)_ch3",1.0,1.0,0.004774996618425094
"cell(4,5)_ch4",1.0,0.9999999999999999,0.0013937254289535569
"cell(4,5)_ch5",1.0,1.0,0.0014424248462394913
"cell(4,5)_ch6",1.0,1.0000000000000002,0.01140198680916412
"cell(4,5)_ch7",0.999024999024999,0.9853074364252157,0.005162765610675185
"cell(4,5)_ch8",1.0,1.0,0.0025215460534012604
"cell(4,5)_ch9",0.9950072621641249,0.9125490562748331,0.013740351947397901
"cell(4,5)_ch10",1.0,1.0,0.0021789950588848393
"cell(4,5)_ch11",1.0,1.0,0.0011884455202642015
"cell(4,6)_ch0",0.6357337352912574,0.14394826764365182,0.07171566071326692
"cell(4,6)_ch1",0.9208736396614269,0.2415059824915871,0.02955833685963608
"cell(4,6)_ch2",0.8715050835148874,0.3721234140356789,0.0513715845160824
"cell(4,6)_ch3",0.9053937618473205,0.3530411611656228,0.03953097399702612
"cell(4,6)_ch4",0.8992165242165242,0.38380674549423616,0.024855569268084264
"cell(4,6)_ch5",0.7885448916408669,0.3214931647317412,0.11064858540370341
"cell(4,6)_ch6",0.912121811350603,0.6735913974979079,0.057814041735769595
"cell(4,6)_ch7",0.855522078900292,0.17373548975719566,0.03885896525009416
"cell(4,6)_ch8",0.8985153764581124,0.4879233443145438,0.025469767052694776
"cell(4,6)_ch9",0.8113496932515338,0.09508640180243144,0.13165368522541557
"cell(4,6)_ch10",0.7097142643148711,0.1763390354034887,0.1769203172666464
"cell(4,6)_ch11",0.9556538932303926,0.5191507118060036,0.022862497232365022
"cell(5,0)_ch0",0.7239902080783354,0.17439209151465412,0.036532690563965395
"cell(5,0)_ch1",0.7710134901418194,0.22963666326157894,0.07815972311437445
"cell(5,0)_ch2",0.7921603366183146,0.10777508128329255,0.03962805488311318
"cell(5,0)_ch3",0.7942754919499107,0.11632990728145207,0.04990754319772502
"cell(5,0)_ch4",0.883906847410497,0.4992992328327489,0.026321343462196365
"cell(5,0)_ch5",0.7787873081630732,0.1107061271071779,0.045442612558091226
"cell(5,0)_ch6",0.6546750086896073,0.062483756911263885,0.058759858077488354
"cell(5,0)_ch7",0.8615488215488216,0.2710565313940772,0.03850902631927361
"cell(5,0)_ch8",0.7867910066428206,0.16725218428827418,0.051621791760010936
"cell(5,0)_ch9",0.6875319366377108,0.04849306428278979,0.0516698244251011
"cell(5,0)_ch10",0.7421255222269164,0.174305422812038,0.117638369648704
"cell(5,0)_ch11",0.7198044009779953,0.10332691217255288,0.04713132843373628
"cell(5,1)_ch0",1.0,1.0,0.003932047512579167
"cell(5,1)_ch1",0.9987281237281238,0.9787414965986394,0.0023627076434412165
"cell(5,1)_ch2",0.99872660834902,0.9545764699982966,0.006978839484135764
"cell(5,1)_ch3",0.9986675935581045,0.9404634853164264,0.007872482115509234
"cell(5,1)_ch4",1.0,1.0,0.0037463918335220625
"cell(5,1)_ch5",0.9999398267008986,0.9993003731343284,0.0034284178129925956
"cell(5,1)_ch6",0.9998177399756987,0.9929545454545454,0.0033554714811394873
"cell(5,1)_ch7",0.9989106753812637,0.9672461957511369,0.009435019373163121
"cell(5,1)_ch8",1.0,1.0,0.003279440643268145
"cell(5,1)_ch9",0.9979462123832584,0.9699108168678524,0.007529350623555633
"cell(5,1)_ch10",0.9997863552200541,0.990347841923147,0.004326885281562899
"cell(5,1)_ch11",0.99976827714054,0.991780045351474,0.002111449978761851
"cell(5,2)_ch0",1.0,0.9999999999999999,0.0013994719557652486
"cell(5,2)_ch1",0.9999625888514777,0.9991087344028521,0.0033671505942882984
"cell(5,2)_ch2",1.0,1.0,0.003928956281887128
"cell(5,2)_ch3",1.0,1.0,0.003862291447388216
"cell(5,2)_ch4",1.0,0.9999999999999999,0.0017678475623128357
"cell(5,2)_ch5",1.0,1.0,0.001685468501672722
"cell(5,2)_ch6",1.0,0.9999999999999999,0.00264982577889576
"cell(5,2)_ch7",0.9896741150716616,0.8894373356890889,0.046061754935338546
"cell(5,2)_ch8",1.0,1.0,0.0037430429453688607
"cell(5,2)_ch9",0.9993082051067042,0.9942448552493895,0.004527338212267078
"cell(5,2)_ch10",0.9999295873820588,0.9989709581253956,0.0017056173173251273
"cell(5,2)_ch11",1.0,1.0,0.0009377259500900232
"cell(5,3)_ch0",1.0,1.0,0.002344893398481162
"cell(5,3)_ch1",0.9999022004889976,0.9968615384615386,0.003933806672824109
"cell(5,3)_ch2",1.0,1.0,0.0021828284300544213
"cell(5,3)_ch3",0.9999783811829817,0.9997175141242938,0.0033081944496521774
"cell(5,3)_ch4",1.0,1.0,0.0020399266116538
"cell(5,3)_ch5",1.0,0.9999999999999999,0.0015530001619388858
"cell(5,3)_ch6",1.0,1.0,0.0024614702864578543
"cell(5,3)_ch7",0.9999061165094119,0.9986462828007202,0.017349127435501793
"cell(5,3)_ch8",0.9999999999999999,1.0,0.001165982730090512
"cell(5,3)_ch9",1.0,1.0,0.009559583391996616
"cell(5,3)_ch10",1.0,1.0,0.0025248240362675516
"cell(5,3)_ch11",1.0,1.0,0.0014416975467939587
"cell(5,4)_ch0",0.9999999999999999,1.0,0.003432526152192765
"cell(5,4)_ch1",1.0,1.0,0.003945189603717022
"cell(5,4)_ch2",1.0,1.0,0.004117439383026927
"cell(5,4)_ch3",0.9999586964602867,0.9994838379333696,0.0033472929832204738
"cell(5,4)_ch4",0.9999287850733514,0.9967320261437909,0.002968715036576091
"cell(5,4)_ch5",1.0,1.0,0.001042173983919856
"cell(5,4)_ch6",1.0,1.0,0.000994499539918333
"cell(5,4)_ch7",0.9985268514798447,0.9874863160030203,0.00471639631138925
"cell(5,4)_ch8",1.0,0.9999999999999999,0.0011171621963304052
"cell(5,4)_ch9",0.9999469777306468,0.9981884057971013,0.0181974528469045
"cell(5,4)_ch10",0.9995489954899549,0.9856831487235721,0.00281723741548357
"cell(5,4)_ch11",1.0,1.0,0.0021474953561240436
"cell(5,5)_ch0",1.0,1.0,0.015031877945492383
"cell(5,5)_ch1",1.0,1.0,0.003988680149782744
"cell(5,5)_ch2",0.9997348886532343,0.9913600891861761,0.003575031431481624
"cell(5,5)_ch3",0.9998997111681642,0.9987592952165837,0.004978445221986077
"cell(5,5)_ch4",1.0,1.0,0.002354622312075901
"cell(5,5)_ch5",1.0,1.0,0.002537138102644405
"cell(5,5)_ch6",0.9999812755121148,0.9997929606625259,0.008384765307708533
"cell(5,5)_ch7",0.9973063973063974,0.8919913202266143,0.008900989341303612
"cell(5,5)_ch8",1.0,1.0,0.006409261198685682
"cell(5,5)_ch9",0.9808080808080808,0.8477859879911183,0.012168495982988874
"cell(5,5)_ch10",0.9946537059538275,0.9307587064676618,0.02494855354291758
"cell(5,5)_ch11",0.9997321548145173,0.9969488939740656,0.014035272781654074
"cell(5,6)_ch0",0.789191224931739,0.17055425091272766,0.03631612008824044
"cell(5,6)_ch1",0.7419534842194545,0.1614037351479124,0.11269300741157375
"cell(5,6)_ch2",0.8373275236020334,0.23849985120509468,0.049532213239426526
"cell(5,6)_ch3",0.935453440107333,0.5684899344018818,0.05945543801356745
"cell(5,6)_ch4",0.8032323232323232,0.11194568399705884,0.02831748574752296
"cell(5,6)_ch5",0.9211982726091149,0.47290406920313593,0.08221034397164806
"cell(5,6)_ch6",0.8290123456790124,0.3235353619651282,0.10349792348062646
"cell(5,6)_ch7",0.8961302282470166,0.2294256408386787,0.03753763557337247
"cell(5,6)_ch8",0.8291043911481867,0.23611150687352642,0.053530228912907075
"cell(5,6)_ch9",0.7878239608801956,0.1817327443723963,0.074749766246579
"cell(5,6)_ch10",0.4470282103176242,0.10167062600286132,0.10389871741786147
"cell(5,6)_ch11",0.6839977516430302,0.23304724815633993,0.10658285468336566
"cell(6,0)_ch0",0.8778942076155698,0.5288215297868982,0.10585984209273852
"cell(6,0)_ch1",0.6191302437952999,0.12486378316635072,0.10414934794946729
"cell(6,0)_ch2",0.6908980179382128,0.11175218659834382,0.0834861524619622
"cell(6,0)_ch3",0.6773882559158633,0.13135925887236602,0.0531279696792338
"cell(6,0)_ch4",0.7510437710437711,0.13062681706538712,0.08786813789471525
"cell(6,0)_ch5",0.6950549450549451,0.0685804076847718,0.05739424102064244
"cell(6,0)_ch6",0.468491887132615,0.10935429720561468,0.1319418007842541
"cell(6,0)_ch7",0.7388439818403277,0.14414688940055842,0.054488471987318106
"cell(6,0)_ch8",0.5511831726555653,0.04226079726275412,0.07970238714382068
"cell(6,0)_ch9",0.5905623471882641,0.07503969936018108,0.0433748480538391
"cell(6,0)_ch10",0.724337221633086,0.09676137193669739,0.04897339985783616
"cell(6,0)_ch11",0.8828665948607478,0.6785346682685133,0.11474684135235816
"cell(6,1)_ch0",0.895272349592245,0.5659464870118462,0.06047774091146443
"cell(6,1)_ch1",0.8650996423096576,0.29235255656885245,0.039790270438808784
"cell(6,1)_ch2",0.8119568995481404,0.15855301606703118,0.04672046203666971
"cell(6,1)_ch3",0.7217587765033019,0.10114093356299127,0.050303938304218636
"cell(6,1)_ch4",0.8331788693234476,0.18677292643419358,0.02952621962308959
"cell(6,1)_ch5",0.7036055143160128,0.21434872433758645,0.08777376067956953
"cell(6,1)_ch6",0.7837751855779427,0.13385661249396524,0.06944882036926057
"cell(6,1)_ch7",0.8696319018404908,0.23452540634570587,0.045100660107293904
"cell(6,1)_ch8",0.7640521205927441,0.10449765060167775,0.05282325263977355
"cell(6,1)_ch9",0.9023257890272757,0.5424387186907632,0.05485532267325454
"cell(6,1)_ch10",0.8311770943796393,0.17077836754236458,0.03632747093282231
"cell(6,1)_ch11",0.8316085693536673,0.2401786874710644,0.06655080643481757
"cell(6,2)_ch0",0.8466994669946699,0.23620537129849045,0.04692826944228883
"cell(6,2)_ch1",0.805410728768393,0.13996882044962994,0.03846115572648857
"cell(6,2)_ch2",0.7921052631578946,0.29571607681152945,0.17685604727527077
"cell(6,2)_ch3",0.8017399267399267,0.1315427571312821,0.046728436013898964
"cell(6,2)_ch4",0.9616534976117138,0.8725510878418382,0.054645578494508434
"cell(6,2)_ch5",0.77799511002445,0.11744161642018329,0.08754805837951397
"cell(6,2)_ch6",0.8764404609475032,0.31048237151469293,0.08597394694832464
"cell(6,2)_ch7",0.878121146732429,0.20940788574846694,0.08325215394818963
"cell(6,2)_ch8",0.8682260024301336,0.3701435997434999,0.04959454839594234
"cell(6,2)_ch9",0.6052575564069818,0.21974081148889518,0.0770193496777995
"cell(6,2)_ch10",0.7878787878787878,0.18725396926434676,0.08451098579674961
"cell(6,2)_ch11",0.8636185819070904,0.23750824324818295,0.06609830484964083
"cell(6,3)_ch0",0.8347063978965819,0.24413047967305357,0.03529490395010928
"cell(6,3)_ch1",0.83779399837794,0.2816520603514658,0.02393654720900273
"cell(6,3)_ch2",0.4538710397144132,0.13788049768301086,0.12966818563082033
"cell(6,3)_ch3",0.7270334059549746,0.12703357442169688,0.04128154346587337
"cell(6,3)_ch4",0.9454871973120149,0.4639980470291161,0.016448702014110844
"cell(6,3)_ch5",0.8813234542667348,0.11654500210275359,0.03435009247742434
"cell(6,3)_ch6",0.8202856826486546,0.19954644702945298,0.0398611243976156
"cell(6,3)_ch7",0.8230317848410758,0.34288369656171735,0.051816939306548765
"cell(6,3)_ch8",0.7923372738926079,0.12125105136272085,0.03679968825198304
"cell(6,3)_ch9",0.5850840729506048,0.16821599388515412,0.12595264772260326
"cell(6,3)_ch10",0.8381144781144781,0.29127724966907265,0.024502819443736782
"cell(6,3)_ch11",0.8642144892144892,0.26822965590134135,0.038210232895148404
"cell(6,4)_ch0",0.8122335495829471,0.044698337045623995,0.06826113298201468
"cell(6,4)_ch1",0.9092004821213339,0.46246849159078207,0.0732342485045997
"cell(6,4)_ch2",0.8116870415647922,0.19344857224282633,0.056099005556853425
"cell(6,4)_ch3",0.8437685334237058,0.20376134036988983,0.054885885161704555
"cell(6,4)_ch4",0.9481085363438305,0.5174179342862412,0.05455856962510122
"cell(6,4)_ch5",0.692969067969068,0.14565051804492438,0.040058315594572805
"cell(6,4)_ch6",0.8221633085896077,0.1701012175968018,0.04802051910129263
"cell(6,4)_ch7",0.6837220911236159,0.15047541742804652,0.09526605168813111
"cell(6,4)_ch8",0.8624183368397742,0.2999541994497564,0.025774733905716208
"cell(6,4)_ch9",0.9171347171347171,0.5429725711697493,0.06304757901302638
"cell(6,4)_ch10",0.4241998125083702,0.16414594334697585,0.09049263191850916
"cell(6,4)_ch11",0.9447122896299271,0.6891309048292811,0.041106708636371406
"cell(6,5)_ch0",0.8725036310820624,0.23339707703879703,0.03559442178105114
"cell(6,5)_ch1",0.6224042455006922,0.17491011865458342,0.07326740726779504
"cell(6,5)_ch2",0.7667709419534237,0.1722200031107244,0.047690646949495825
"cell(6,5)_ch3",0.7068792619334135,0.06919424983711883,0.12492829336626747
"cell(6,5)_ch4",0.7718607645078233,0.22457752399920664,0.07831602713712603
"cell(6,5)_ch5",0.8849831649831651,0.20715392860901086,0.03221270726717783
"cell(6,5)_ch6",0.7668716687166872,0.28909939705995263,0.05717140354096234
"cell(6,5)_ch7",0.7564856451054998,0.19383440828057424,0.1326399494644429
"cell(6,5)_ch8",0.8715535378141955,0.3013317313690797,0.03509440970413051
"cell(6,5)_ch9",0.6370280146163215,0.03642228247163927,0.11558639066740978
"cell(6,5)_ch10",0.700616569212065,0.20559025939325842,0.14357909539691066
"cell(6,5)_ch11",0.7861415752741775,0.1498370399400882,0.06999409171350514
"cell(6,6)_ch0",0.8040957958921694,0.3253444393810227,0.10100744628702533
"cell(6,6)_ch1",0.5833214641788919,0.029975828911493474,0.08505136307964152
"cell(6,6)_ch2",0.6426536426536427,0.04884506740761524,0.061294629575209515
"cell(6,6)_ch3",0.5003256003256003,0.0921965353624644,0.10533470094502313
"cell(6,6)_ch4",0.5847457627118644,0.08384134515765565,0.06680522455999628
"cell(6,6)_ch5",0.8020567194685744,0.07469433703689886,0.06066640992457579
"cell(6,6)_ch6",0.5632425709825091,0.18165149941274067,0.17088448185060393
"cell(6,6)_ch7",0.7464748517461015,0.19755510859342112,0.10709464850384759
"cell(6,6)_ch8",0.6852495128357198,0.11606938877355083,0.09812342502036332
"cell(6,6)_ch9",0.5675620675620676,0.06243199669946261,0.09444535498181181
"cell(6,6)_ch10",0.4293497059840886,0.09864440403422481,0.11128639230104333
"cell(6,6)_ch11",0.34184054469580494,0.08165072568226824,0.1317897930631019
